date,rain_mm,temp_c,bike_trips,bike_avg_duration_min,traffic_count,no2_ug_m3,year,month,month_number,weekday,weekday_number,is_weekend,season,is_rainy,rain_category
2021-01-01,0.0,-1.5,318,11.133857442348008,,35.3712050492,2021,January,1,Friday,4,False,Winter,False,Dry
2021-01-02,0.0,0.7,830,9.607168674698794,,31.738787296,2021,January,1,Saturday,5,True,Winter,False,Dry
2021-01-03,0.0,-2.8,640,10.577734375,,45.6041179447,2021,January,1,Sunday,6,True,Winter,False,Dry
2021-01-04,0.0,-4.6,1254,8.849242424242425,,78.1310325488,2021,January,1,Monday,0,False,Winter,False,Dry
2021-01-05,0.0,-4.1,1368,9.36507066276803,,76.2038888854,2021,January,1,Tuesday,1,False,Winter,False,Dry
2021-01-06,0.0,-5.2,1219,9.03885698660104,,75.6357005358,2021,January,1,Wednesday,2,False,Winter,False,Dry
2021-01-07,0.0,-1.3,1341,8.890169028088492,,54.0005123989,2021,January,1,Thursday,3,False,Winter,False,Dry
2021-01-08,0.0,-2.3,1451,9.112692396048702,,70.1755845735,2021,January,1,Friday,4,False,Winter,False,Dry
2021-01-09,0.0,1.1,902,9.412527716186252,,9.7349588767,2021,January,1,Saturday,5,True,Winter,False,Dry
2021-01-10,15.4,0.4,238,11.449719887955181,,20.1499480304,2021,January,1,Sunday,6,True,Winter,True,Moderate
2021-01-11,8.4,-2.1,552,10.135990338164252,,81.0491471112,2021,January,1,Monday,0,False,Winter,True,Moderate
2021-01-12,0.9,-0.7,530,9.969591194968553,,50.2591606552,2021,January,1,Tuesday,1,False,Winter,True,Light
2021-01-13,3.5,-1.5,549,9.625804493017608,,41.6710151881,2021,January,1,Wednesday,2,False,Winter,True,Light
2021-01-14,0.0,-4.7,561,9.849910873440285,,90.3802306696,2021,January,1,Thursday,3,False,Winter,False,Dry
2021-01-15,0.0,-5.6,504,10.284722222222221,,80.5595247509,2021,January,1,Friday,4,False,Winter,False,Dry
2021-01-16,0.0,-1.1,417,9.473461231015188,,29.715998218,2021,January,1,Saturday,5,True,Winter,False,Dry
2021-01-17,1.2,2.3,307,9.33555917480999,,7.707500553,2021,January,1,Sunday,6,True,Winter,True,Light
2021-01-18,6.5,3.0,741,9.0231893837157,,28.0801629384,2021,January,1,Monday,0,False,Winter,True,Moderate
2021-01-19,9.0,2.5,1108,9.50218110709988,,38.3110669426,2021,January,1,Tuesday,1,False,Winter,True,Moderate
2021-01-20,0.1,3.8,1176,9.080102040816326,,41.7822366007,2021,January,1,Wednesday,2,False,Winter,True,Light
2021-01-21,12.7,6.9,1555,9.204608788853161,,21.3703848373,2021,January,1,Thursday,3,False,Winter,True,Moderate
2021-01-22,4.9,3.9,1349,9.602952804546577,,37.4999558622,2021,January,1,Friday,4,False,Winter,True,Light
2021-01-23,38.7,2.7,945,9.774091710758377,,11.1658092452,2021,January,1,Saturday,5,True,Winter,True,Heavy
2021-01-24,3.5,1.0,706,10.305878186968839,,23.9019101326,2021,January,1,Sunday,6,True,Winter,True,Light
2021-01-25,0.0,-1.9,1443,9.024809424809424,,74.9517441563,2021,January,1,Monday,0,False,Winter,False,Dry
2021-01-26,2.3,-1.0,1071,9.124214130096483,,54.2025330953,2021,January,1,Tuesday,1,False,Winter,True,Light
2021-01-27,0.3,-4.6,1120,8.507797619047619,,79.003125837,2021,January,1,Wednesday,2,False,Winter,True,Light
2021-01-28,0.0,-3.6,979,9.328430371127,,53.5635536582,2021,January,1,Thursday,3,False,Winter,False,Dry
2021-01-29,1.3,-1.6,1060,8.786713836477986,,62.0457553462,2021,January,1,Friday,4,False,Winter,True,Light
2021-01-30,0.4,-0.4,712,9.498338014981274,,32.0481839727,2021,January,1,Saturday,5,True,Winter,True,Light
2021-01-31,3.3,-1.1,279,10.340143369175628,,29.2248924481,2021,January,1,Sunday,6,True,Winter,True,Light
2021-02-01,5.5,-5.2,539,10.434291898577612,,94.907942682,2021,February,2,Monday,0,False,Winter,True,Moderate
2021-02-02,0.0,-4.9,677,9.79027572624323,,89.249963035,2021,February,2,Tuesday,1,False,Winter,False,Dry
2021-02-03,0.0,-6.9,745,9.33427293064877,,87.0650442536,2021,February,2,Wednesday,2,False,Winter,False,Dry
2021-02-04,0.0,-6.0,724,9.037476979742173,,64.0604350457,2021,February,2,Thursday,3,False,Winter,False,Dry
2021-02-05,0.7,-6.3,683,11.101952171791117,,73.9912861036,2021,February,2,Friday,4,False,Winter,True,Light
2021-02-06,0.0,-6.5,544,8.993382352941175,,68.9770432139,2021,February,2,Saturday,5,True,Winter,False,Dry
2021-02-07,0.0,-7.5,395,9.698776371308018,,67.5068341178,2021,February,2,Sunday,6,True,Winter,False,Dry
2021-02-08,0.0,-5.6,466,9.603898426323319,,67.0164960328,2021,February,2,Monday,0,False,Winter,False,Dry
2021-02-09,0.0,-5.4,531,9.635718769617075,,40.2341868434,2021,February,2,Tuesday,1,False,Winter,False,Dry
2021-02-10,0.0,-6.7,534,9.417915106117354,,85.5298556689,2021,February,2,Wednesday,2,False,Winter,False,Dry
2021-02-11,0.0,-4.9,577,9.292980935875217,,71.9611159128,2021,February,2,Thursday,3,False,Winter,False,Dry
2021-02-12,0.0,-7.6,539,8.983704390847247,,99.3998212825,2021,February,2,Friday,4,False,Winter,False,Dry
2021-02-13,0.0,-6.0,394,9.434052453468698,,81.2482403265,2021,February,2,Saturday,5,True,Winter,False,Dry
2021-02-14,0.0,1.8,343,10.414285714285715,,11.8542588184,2021,February,2,Sunday,6,True,Winter,False,Dry
2021-02-15,0.0,3.2,754,9.067484526967286,,19.4828875053,2021,February,2,Monday,0,False,Winter,False,Dry
2021-02-16,0.3,4.4,895,9.481694599627561,,35.7238823814,2021,February,2,Tuesday,1,False,Winter,True,Light
2021-02-17,2.2,4.7,1270,8.98244094488189,,35.5759047476,2021,February,2,Wednesday,2,False,Winter,True,Light
2021-02-18,3.2,7.3,1216,9.613212719298245,,9.9478320174,2021,February,2,Thursday,3,False,Winter,True,Light
2021-02-19,1.3,6.3,1292,8.983010835913312,,16.1261184166,2021,February,2,Friday,4,False,Winter,True,Light
2021-02-20,12.7,7.9,667,10.144552723638181,,12.2249868629,2021,February,2,Saturday,5,True,Winter,True,Moderate
2021-02-21,20.3,8.8,899,12.43177604746014,,10.0014114305,2021,February,2,Sunday,6,True,Winter,True,Heavy
2021-02-22,0.0,7.8,1298,8.574306625577812,,34.7825995378,2021,February,2,Monday,0,False,Winter,False,Dry
2021-02-23,21.9,7.4,1960,8.627168367346938,,18.0648919144,2021,February,2,Tuesday,1,False,Winter,True,Heavy
2021-02-24,26.8,8.5,1920,8.545034722222223,,18.2592670927,2021,February,2,Wednesday,2,False,Winter,True,Heavy
2021-02-25,4.6,7.2,1551,8.90880077369439,,13.9611098269,2021,February,2,Thursday,3,False,Winter,True,Light
2021-02-26,13.8,6.8,1583,9.2587597388924,,40.3280604163,2021,February,2,Friday,4,False,Winter,True,Moderate
2021-02-27,4.2,6.6,956,9.399250348675034,,13.6540549488,2021,February,2,Saturday,5,True,Winter,True,Light
2021-02-28,2.4,6.6,1247,11.965009355787222,,16.2720883763,2021,February,2,Sunday,6,True,Winter,True,Light
2021-03-01,0.2,5.8,1423,8.969091122042633,,31.0300252818,2021,March,3,Monday,0,False,Spring,True,Light
2021-03-02,5.7,6.2,2305,9.439305856832972,,38.237587299,2021,March,3,Tuesday,1,False,Spring,True,Moderate
2021-03-03,0.0,4.9,2322,9.154945449325295,,28.6234184582,2021,March,3,Wednesday,2,False,Spring,False,Dry
2021-03-04,0.0,2.1,2375,9.806961403508772,39658,28.3468640011,2021,March,3,Thursday,3,False,Spring,False,Dry
2021-03-05,0.2,1.7,1703,8.932335094930515,37003,32.8161227244,2021,March,3,Friday,4,False,Spring,True,Light
2021-03-06,4.3,4.4,1150,9.547681159420291,24295,14.1766247377,2021,March,3,Saturday,5,True,Spring,True,Light
2021-03-07,5.5,2.4,1425,12.11514619883041,23092,13.5371718117,2021,March,3,Sunday,6,True,Spring,True,Moderate
2021-03-08,0.0,1.6,2434,9.280710764174199,42141,46.2458705801,2021,March,3,Monday,0,False,Spring,False,Dry
2021-03-09,0.0,2.8,2856,10.497420634920635,42938,40.5199842258,2021,March,3,Tuesday,1,False,Spring,False,Dry
2021-03-10,0.0,4.6,1983,8.437863506471675,42893,8.79627632,2021,March,3,Wednesday,2,False,Spring,False,Dry
2021-03-11,6.0,5.6,1568,8.4984481292517,43803,18.7227879527,2021,March,3,Thursday,3,False,Spring,True,Moderate
2021-03-12,16.5,4.6,1409,8.261450201088243,44872,19.352545535,2021,March,3,Friday,4,False,Spring,True,Moderate
2021-03-13,14.6,3.1,890,9.69181647940075,28364,19.1473017369,2021,March,3,Saturday,5,True,Spring,True,Moderate
2021-03-14,20.6,3.8,746,9.355049151027703,23582,13.3247338468,2021,March,3,Sunday,6,True,Spring,True,Heavy
2021-03-15,12.6,4.0,2686,9.099205758252669,42550,25.7435143813,2021,March,3,Monday,0,False,Spring,True,Moderate
2021-03-16,0.0,3.3,2875,9.33208115942029,43887,,2021,March,3,Tuesday,1,False,Spring,False,Dry
2021-03-17,0.1,3.9,2844,9.058221987810596,44413,,2021,March,3,Wednesday,2,False,Spring,True,Light
2021-03-18,0.0,5.2,2909,9.215205683510943,44891,29.8497874619,2021,March,3,Thursday,3,False,Spring,False,Dry
2021-03-19,0.0,4.2,2294,8.773227259517581,43690,27.6055235842,2021,March,3,Friday,4,False,Spring,False,Dry
2021-03-20,1.5,5.4,996,8.718724899598394,27966,9.4302335005,2021,March,3,Saturday,5,True,Spring,True,Light
2021-03-21,7.6,4.5,1422,10.929500703234881,24466,10.5707169971,2021,March,3,Sunday,6,True,Spring,True,Moderate
2021-03-22,2.3,6.1,1746,8.448625429553264,42789,28.2787942703,2021,March,3,Monday,0,False,Spring,True,Light
2021-03-23,11.8,7.4,2375,8.832519298245614,43795,22.6779004705,2021,March,3,Tuesday,1,False,Spring,True,Moderate
2021-03-24,4.7,6.8,2411,9.464378542789989,44866,13.2292373804,2021,March,3,Wednesday,2,False,Spring,True,Light
2021-03-25,10.9,6.4,1939,9.042719614921781,44650,15.4173924966,2021,March,3,Thursday,3,False,Spring,True,Moderate
2021-03-26,8.3,7.3,1317,8.658225765628954,42877,15.2516283564,2021,March,3,Friday,4,False,Spring,True,Moderate
2021-03-27,18.5,5.8,1241,10.868224550094011,26105,12.5844726948,2021,March,3,Saturday,5,True,Spring,True,Moderate
2021-03-28,0.4,6.1,562,10.94309015421115,18251,7.3629802162,2021,March,3,Sunday,6,True,Spring,True,Light
2021-03-29,14.1,8.4,1111,10.297224722472247,35863,10.2995362473,2021,March,3,Monday,0,False,Spring,True,Moderate
2021-03-30,8.4,8.1,455,9.094981684981684,35227,15.345984788,2021,March,3,Tuesday,1,False,Spring,True,Moderate
2021-03-31,44.3,6.2,1344,11.03781001984127,33127,20.3307751471,2021,March,3,Wednesday,2,False,Spring,True,Heavy
2021-04-01,0.0,4.8,935,12.208752228163993,18797,13.4239252209,2021,April,4,Thursday,3,False,Spring,False,Dry
2021-04-02,1.6,5.8,925,12.479207207207207,17147,8.645062828,2021,April,4,Friday,4,False,Spring,True,Light
2021-04-03,0.0,5.4,1037,11.614304082288653,19533,11.3573394017,2021,April,4,Saturday,5,True,Spring,False,Dry
2021-04-04,0.7,4.4,330,8.893333333333334,17845,5.256733175,2021,April,4,Sunday,6,True,Spring,True,Light
2021-04-05,24.8,1.3,410,8.513536585365854,19860,8.2280245198,2021,April,4,Monday,0,False,Spring,True,Heavy
2021-04-06,7.3,2.5,1343,8.65698684537106,39693,26.1929311817,2021,April,4,Tuesday,1,False,Spring,True,Moderate
2021-04-07,2.7,3.2,1944,8.91269718792867,41706,21.0452202027,2021,April,4,Wednesday,2,False,Spring,True,Light
2021-04-08,1.0,1.9,1054,8.215528146742567,41014,20.7902361255,2021,April,4,Thursday,3,False,Spring,True,Light
2021-04-09,23.1,3.3,1611,8.475987999172357,41567,18.5537151188,2021,April,4,Friday,4,False,Spring,True,Heavy
2021-04-10,9.2,2.5,1099,10.466863815589932,26025,22.2315910456,2021,April,4,Saturday,5,True,Spring,True,Moderate
2021-04-11,2.7,3.8,1564,12.57742966751918,23861,14.0205570238,2021,April,4,Sunday,6,True,Spring,True,Light
2021-04-12,0.0,6.6,2668,9.608558220889556,42254,19.667324589,2021,April,4,Monday,0,False,Spring,False,Dry
2021-04-13,0.0,4.8,2532,9.210005265929437,42746,23.8949403404,2021,April,4,Tuesday,1,False,Spring,False,Dry
2021-04-14,0.9,4.4,2324,9.77925272518646,43481,34.7294709757,2021,April,4,Wednesday,2,False,Spring,True,Light
2021-04-15,1.5,5.8,3013,10.218270826418852,44868,40.2296114362,2021,April,4,Thursday,3,False,Spring,True,Light
2021-04-16,0.0,7.3,3103,10.19531098936513,42601,37.9834645393,2021,April,4,Friday,4,False,Spring,False,Dry
2021-04-17,0.1,8.3,2626,11.763950241177964,27250,27.9154551049,2021,April,4,Saturday,5,True,Spring,True,Light
2021-04-18,0.0,10.0,2361,14.238493576168292,24538,22.8615777678,2021,April,4,Sunday,6,True,Spring,False,Dry
2021-04-19,0.0,11.1,3533,10.898905557128032,43061,41.5699301247,2021,April,4,Monday,0,False,Spring,False,Dry
2021-04-20,0.0,8.6,2478,8.987079634113533,42749,25.0340804284,2021,April,4,Tuesday,1,False,Spring,False,Dry
2021-04-21,9.9,5.2,2237,8.782312621069885,43939,17.4278341052,2021,April,4,Wednesday,2,False,Spring,True,Moderate
2021-04-22,1.5,6.1,2956,9.357825890843483,45085,20.8459707373,2021,April,4,Thursday,3,False,Spring,True,Light
2021-04-23,0.6,5.7,2817,9.45864986392143,44089,21.4948396978,2021,April,4,Friday,4,False,Spring,True,Light
2021-04-24,0.0,5.3,2159,10.698209047398487,27660,10.2318540619,2021,April,4,Saturday,5,True,Spring,False,Dry
2021-04-25,0.0,5.8,1907,12.0503758084251,25078,7.8378561699,2021,April,4,Sunday,6,True,Spring,False,Dry
2021-04-26,0.0,6.4,2898,9.09457671957672,42773,31.2454191881,2021,April,4,Monday,0,False,Spring,False,Dry
2021-04-27,0.0,7.0,3097,9.392212894198687,45018,30.1769238111,2021,April,4,Tuesday,1,False,Spring,False,Dry
2021-04-28,0.0,6.8,3070,9.191454940282302,45623,34.0486912739,2021,April,4,Wednesday,2,False,Spring,False,Dry
2021-04-29,0.3,7.1,3227,9.542366491064973,46492,45.2927082482,2021,April,4,Thursday,3,False,Spring,True,Light
2021-04-30,0.0,7.8,3164,9.665381373788453,45121,34.025760748,2021,April,4,Friday,4,False,Spring,False,Dry
2021-05-01,0.0,7.2,2145,11.58080808080808,23834,15.8318527682,2021,May,5,Saturday,5,True,Spring,False,Dry
2021-05-02,0.2,6.9,1782,11.84471567527123,25794,16.4735268057,2021,May,5,Sunday,6,True,Spring,True,Light
2021-05-03,0.0,6.2,2774,9.438968997837058,43985,24.6346482992,2021,May,5,Monday,0,False,Spring,False,Dry
2021-05-04,0.8,8.3,3238,9.51313568046119,44710,24.6039125228,2021,May,5,Tuesday,1,False,Spring,True,Light
2021-05-05,0.0,10.0,3259,9.462181650813132,45791,17.0809746842,2021,May,5,Wednesday,2,False,Spring,False,Dry
2021-05-06,0.5,6.9,2828,9.231229372937294,46630,24.1167910614,2021,May,5,Thursday,3,False,Spring,True,Light
2021-05-07,0.3,8.4,3188,9.89306775407779,45189,22.2852201255,2021,May,5,Friday,4,False,Spring,True,Light
2021-05-08,0.0,6.8,2065,10.56584342211461,29735,17.7228761445,2021,May,5,Saturday,5,True,Spring,False,Dry
2021-05-09,3.5,10.1,1375,10.495890909090908,24296,12.9213725316,2021,May,5,Sunday,6,True,Spring,True,Light
2021-05-10,10.5,12.1,2221,9.071716944319375,44861,30.0329944144,2021,May,5,Monday,0,False,Spring,True,Moderate
2021-05-11,3.9,13.0,3580,10.01945530726257,47893,18.0749087435,2021,May,5,Tuesday,1,False,Spring,True,Light
2021-05-12,0.0,12.9,3597,9.47635992957094,49861,30.8498572509,2021,May,5,Wednesday,2,False,Spring,False,Dry
2021-05-13,0.1,11.2,2522,11.685395189003437,26940,18.4703229687,2021,May,5,Thursday,3,False,Spring,True,Light
2021-05-14,0.1,13.4,2688,10.051388888888889,39504,42.8177441534,2021,May,5,Friday,4,False,Spring,True,Light
2021-05-15,0.4,13.2,2205,11.147392290249433,27941,29.0458063473,2021,May,5,Saturday,5,True,Spring,True,Light
2021-05-16,2.4,9.8,1539,10.587979207277453,25206,11.6539712566,2021,May,5,Sunday,6,True,Spring,True,Light
2021-05-17,1.3,11.6,1344,12.028844246031746,28137,11.6763922594,2021,May,5,Monday,0,False,Spring,True,Light
2021-05-18,1.8,8.8,2093,9.442729734034083,44458,26.7875735966,2021,May,5,Tuesday,1,False,Spring,True,Light
2021-05-19,5.2,9.5,2745,9.19351548269581,45667,27.1425970893,2021,May,5,Wednesday,2,False,Spring,True,Moderate
2021-05-20,0.7,9.4,3369,9.198169585435837,47183,18.9808645301,2021,May,5,Thursday,3,False,Spring,True,Light
2021-05-21,0.0,10.1,3167,9.774155352068203,46206,28.5578438133,2021,May,5,Friday,4,False,Spring,False,Dry
2021-05-22,0.0,12.2,2402,11.191382181515404,28195,18.9069737204,2021,May,5,Saturday,5,True,Spring,False,Dry
2021-05-23,2.7,11.8,1265,10.287351778656127,22645,14.9476342835,2021,May,5,Sunday,6,True,Spring,True,Light
2021-05-24,16.5,11.3,1935,11.186477174849268,25255,12.5672740645,2021,May,5,Monday,0,False,Spring,True,Moderate
2021-05-25,2.4,13.4,3198,9.705096935584741,47133,17.4067240155,2021,May,5,Tuesday,1,False,Spring,True,Light
2021-05-26,0.1,16.4,3791,10.096953310472172,47393,15.3945656633,2021,May,5,Wednesday,2,False,Spring,True,Light
2021-05-27,0.0,15.9,3980,10.54179229480737,47791,29.9010456349,2021,May,5,Thursday,3,False,Spring,False,Dry
2021-05-28,0.0,13.9,3897,10.619010349841759,45856,28.1425836927,2021,May,5,Friday,4,False,Spring,False,Dry
2021-05-29,0.1,13.6,3389,11.783564473295957,29820,14.5928807522,2021,May,5,Saturday,5,True,Spring,True,Light
2021-05-30,0.0,13.5,2344,12.247532707622298,28364,12.510889274,2021,May,5,Sunday,6,True,Spring,False,Dry
2021-05-31,0.0,13.1,3501,9.855046177282683,45997,28.7383500108,2021,May,5,Monday,0,False,Spring,False,Dry
2021-06-01,0.0,15.9,3990,10.275969089390143,47427,36.1756772219,2021,June,6,Tuesday,1,False,Summer,False,Dry
2021-06-02,0.0,18.8,4048,10.921817358366273,48165,39.2655481115,2021,June,6,Wednesday,2,False,Summer,False,Dry
2021-06-03,0.0,20.2,3805,10.521046868155937,48797,23.7381408228,2021,June,6,Thursday,3,False,Summer,False,Dry
2021-06-04,0.0,17.2,2959,10.194829334234539,47111,28.6566619621,2021,June,6,Friday,4,False,Summer,False,Dry
2021-06-05,0.4,17.5,2385,10.807393431167016,30372,20.6800721155,2021,June,6,Saturday,5,True,Summer,True,Light
2021-06-06,2.2,16.0,2094,11.81287806431073,28395,10.7464569483,2021,June,6,Sunday,6,True,Summer,True,Light
2021-06-07,0.0,15.6,3678,10.371143737538517,46104,23.870162659,2021,June,6,Monday,0,False,Summer,False,Dry
2021-06-08,0.0,16.5,4083,10.208323128418646,47457,18.975508453,2021,June,6,Tuesday,1,False,Summer,False,Dry
2021-06-09,0.0,16.7,3652,9.976255020080322,47788,16.6311907531,2021,June,6,Wednesday,2,False,Summer,False,Dry
2021-06-10,5.5,15.8,2742,9.194201312910284,48598,19.2583016652,2021,June,6,Thursday,3,False,Summer,True,Moderate
2021-06-11,5.5,14.9,2127,9.246411220811785,47680,14.2026544441,2021,June,6,Friday,4,False,Summer,True,Moderate
2021-06-12,2.3,11.9,1724,10.44127030162413,32410,8.3689877672,2021,June,6,Saturday,5,True,Summer,True,Light
2021-06-13,2.1,11.6,719,9.435883171070932,27745,5.4761618937,2021,June,6,Sunday,6,True,Summer,True,Light
2021-06-14,49.0,11.3,1589,8.564789175582128,46040,27.2686347061,2021,June,6,Monday,0,False,Summer,True,Heavy
2021-06-15,19.1,10.9,2733,9.260629345042078,48293,19.9142724322,2021,June,6,Tuesday,1,False,Summer,True,Moderate
2021-06-16,0.9,13.6,2318,9.374503882657462,48371,15.0415949113,2021,June,6,Wednesday,2,False,Summer,True,Light
2021-06-17,3.7,15.7,2117,9.1324200913242,50417,45.1686483509,2021,June,6,Thursday,3,False,Summer,True,Light
2021-06-18,9.3,13.7,2871,9.722500870776733,48801,20.3729183482,2021,June,6,Friday,4,False,Summer,True,Moderate
2021-06-19,0.0,13.6,1769,11.584341435839457,32694,14.0121350334,2021,June,6,Saturday,5,True,Summer,False,Dry
2021-06-20,2.7,13.3,1135,12.1796328928047,29159,16.3836979791,2021,June,6,Sunday,6,True,Summer,True,Light
2021-06-21,3.4,13.2,2579,9.306779113351428,46867,19.848042605,2021,June,6,Monday,0,False,Summer,True,Light
2021-06-22,0.1,14.4,3165,10.363312269615587,48293,16.9330552251,2021,June,6,Tuesday,1,False,Summer,True,Light
2021-06-23,0.0,14.3,2858,10.065926055516679,47211,18.4012145123,2021,June,6,Wednesday,2,False,Summer,False,Dry
2021-06-24,0.0,15.7,2842,9.762514661036828,49608,19.0159468547,2021,June,6,Thursday,3,False,Summer,False,Dry
2021-06-25,2.9,16.8,2531,10.575622283682339,47371,22.5787853693,2021,June,6,Friday,4,False,Summer,True,Light
2021-06-26,0.0,15.3,1623,10.455843088929964,29416,9.8113784501,2021,June,6,Saturday,5,True,Summer,False,Dry
2021-06-27,0.0,14.9,1449,12.759293765815505,27105,9.4370846035,2021,June,6,Sunday,6,True,Summer,False,Dry
2021-06-28,0.0,14.0,2616,9.539328491335374,46286,19.7395274565,2021,June,6,Monday,0,False,Summer,False,Dry
2021-06-29,0.0,14.9,2779,10.235372436128102,46847,16.5626557798,2021,June,6,Tuesday,1,False,Summer,False,Dry
2021-06-30,0.0,19.7,2963,10.624828439644505,47910,24.4229434886,2021,June,6,Wednesday,2,False,Summer,False,Dry
2021-07-01,0.0,20.3,2676,10.518553811659194,47793,23.8955189843,2021,July,7,Thursday,3,False,Summer,False,Dry
2021-07-02,0.0,20.5,2292,9.998436591041303,43638,31.5110566678,2021,July,7,Friday,4,False,Summer,False,Dry
2021-07-03,4.5,16.2,808,9.98960396039604,26878,16.7871640885,2021,July,7,Saturday,5,True,Summer,True,Light
2021-07-04,5.2,18.9,1135,12.078370044052864,24472,9.5979578834,2021,July,7,Sunday,6,True,Summer,True,Moderate
2021-07-05,1.0,20.2,2377,10.415053989622773,41340,21.0392181595,2021,July,7,Monday,0,False,Summer,True,Light
2021-07-06,13.3,18.2,2066,9.881179412713779,41492,24.46972593,2021,July,7,Tuesday,1,False,Summer,True,Moderate
2021-07-07,0.5,16.8,2074,9.582585985213758,42339,17.8691526629,2021,July,7,Wednesday,2,False,Summer,True,Light
2021-07-08,2.9,15.6,1535,9.022095548317047,42671,23.559267185,2021,July,7,Thursday,3,False,Summer,True,Light
2021-07-09,22.3,15.8,1714,9.986853364449631,40917,20.772363617,2021,July,7,Friday,4,False,Summer,True,Heavy
2021-07-10,5.7,15.8,1377,11.047397724521907,25838,12.8912404995,2021,July,7,Saturday,5,True,Summer,True,Moderate
2021-07-11,5.7,16.0,1178,11.804230333899264,23634,9.5200084252,2021,July,7,Sunday,6,True,Summer,True,Moderate
2021-07-12,0.1,18.0,2064,10.432687338501292,36724,18.3010496397,2021,July,7,Monday,0,False,Summer,True,Light
2021-07-13,0.0,20.4,2166,10.726723607263773,35817,23.0184172101,2021,July,7,Tuesday,1,False,Summer,False,Dry
2021-07-14,2.8,18.9,2097,10.802662533778413,35527,19.6314427619,2021,July,7,Wednesday,2,False,Summer,True,Light
2021-07-15,0.3,16.0,1813,10.554853833425263,36071,15.2124858533,2021,July,7,Thursday,3,False,Summer,True,Light
2021-07-16,0.6,16.3,1628,10.09087837837838,33067,13.2522929684,2021,July,7,Friday,4,False,Summer,True,Light
2021-07-17,0.8,14.7,680,9.370833333333334,23866,5.8845314062,2021,July,7,Saturday,5,True,Summer,True,Light
2021-07-18,10.3,12.8,877,11.320296465222349,22634,9.3411657143,2021,July,7,Sunday,6,True,Summer,True,Moderate
2021-07-19,0.8,13.6,1637,9.822795764610058,33092,13.1960616761,2021,July,7,Monday,0,False,Summer,True,Light
2021-07-20,0.6,13.5,1602,10.320890553474822,32098,14.6045079407,2021,July,7,Tuesday,1,False,Summer,True,Light
2021-07-21,0.7,14.9,1916,10.976261308281142,32507,11.6127217313,2021,July,7,Wednesday,2,False,Summer,True,Light
2021-07-22,0.0,14.8,1717,9.857386915162106,32231,11.9789961213,2021,July,7,Thursday,3,False,Summer,False,Dry
2021-07-23,0.0,17.5,1815,11.114022038567494,31247,15.3020009932,2021,July,7,Friday,4,False,Summer,False,Dry
2021-07-24,0.0,16.6,1309,11.307601222307104,22149,11.3340601917,2021,July,7,Saturday,5,True,Summer,False,Dry
2021-07-25,0.0,21.5,1267,12.929084451460142,22235,18.387885107,2021,July,7,Sunday,6,True,Summer,False,Dry
2021-07-26,0.1,22.1,1865,11.11313672922252,32658,30.5899256368,2021,July,7,Monday,0,False,Summer,True,Light
2021-07-27,1.7,19.4,1536,10.3373046875,33980,20.8957486773,2021,July,7,Tuesday,1,False,Summer,True,Light
2021-07-28,10.7,18.3,1395,10.805543608124253,34286,16.7508264404,2021,July,7,Wednesday,2,False,Summer,True,Moderate
2021-07-29,9.6,17.0,1492,10.184997765862377,35430,23.9725584578,2021,July,7,Thursday,3,False,Summer,True,Moderate
2021-07-30,5.5,17.8,1798,10.14330737856878,35349,18.8617235789,2021,July,7,Friday,4,False,Summer,True,Moderate
2021-07-31,0.0,14.8,1398,11.714938006676205,26290,9.9321586039,2021,July,7,Saturday,5,True,Summer,False,Dry
2021-08-01,0.0,15.5,1291,12.953537309579138,25850,10.4761831028,2021,August,8,Sunday,6,True,Summer,False,Dry
2021-08-02,0.0,13.8,2147,10.482526005278684,38852,15.0344227313,2021,August,8,Monday,0,False,Summer,False,Dry
2021-08-03,0.0,13.2,2316,10.170725388601037,38706,15.2539966717,2021,August,8,Tuesday,1,False,Summer,False,Dry
2021-08-04,0.0,14.4,2216,10.418381468110711,39020,23.4672977141,2021,August,8,Wednesday,2,False,Summer,False,Dry
2021-08-05,0.0,16.3,2398,10.507652210175145,39877,20.8927744882,2021,August,8,Thursday,3,False,Summer,False,Dry
2021-08-06,0.0,19.0,2284,10.840550204319905,38812,27.8045932811,2021,August,8,Friday,4,False,Summer,False,Dry
2021-08-07,0.5,19.9,1674,11.758492632417363,27608,8.0492016561,2021,August,8,Saturday,5,True,Summer,True,Light
2021-08-08,0.0,18.4,1612,12.792710918114143,27349,11.7400133348,2021,August,8,Sunday,6,True,Summer,False,Dry
2021-08-09,0.9,16.6,2008,9.716367861885791,43343,27.0005543874,2021,August,8,Monday,0,False,Summer,True,Light
2021-08-10,21.3,17.4,2817,10.64309549165779,44744,18.0729574369,2021,August,8,Tuesday,1,False,Summer,True,Heavy
2021-08-11,0.0,17.0,2977,10.044681446646512,44638,19.9777496825,2021,August,8,Wednesday,2,False,Summer,False,Dry
2021-08-12,0.1,16.6,2453,9.264003261312677,47273,23.4568442639,2021,August,8,Thursday,3,False,Summer,True,Light
2021-08-13,3.4,14.6,2120,9.516941823899371,46590,23.1491224602,2021,August,8,Friday,4,False,Summer,True,Light
2021-08-14,6.6,14.8,1766,10.754067572668932,33067,11.075509409,2021,August,8,Saturday,5,True,Summer,True,Moderate
2021-08-15,19.0,12.8,1170,11.838817663817663,29710,17.7354639999,2021,August,8,Sunday,6,True,Summer,True,Moderate
2021-08-16,6.0,15.7,3211,10.201785528911035,46496,23.7833907121,2021,August,8,Monday,0,False,Summer,True,Moderate
2021-08-17,0.1,15.0,3397,9.820228633107643,46848,20.9068614494,2021,August,8,Tuesday,1,False,Summer,True,Light
2021-08-18,0.1,14.1,3052,9.423077763215378,47789,23.5310342057,2021,August,8,Wednesday,2,False,Summer,True,Light
2021-08-19,1.0,14.3,3353,9.949309076448952,48224,19.6348662593,2021,August,8,Thursday,3,False,Summer,True,Light
2021-08-20,0.2,13.7,3150,9.94205291005291,46896,22.0144447578,2021,August,8,Friday,4,False,Summer,True,Light
2021-08-21,0.0,14.0,2321,11.087160706591986,30269,14.7847947127,2021,August,8,Saturday,5,True,Summer,False,Dry
2021-08-22,0.0,14.8,1979,11.941510864072765,30635,21.0059870622,2021,August,8,Sunday,6,True,Summer,False,Dry
2021-08-23,0.1,14.7,3945,10.163485424588085,46951,27.046598465,2021,August,8,Monday,0,False,Summer,True,Light
2021-08-24,0.0,14.6,3721,9.125351607990684,48213,22.3228043882,2021,August,8,Tuesday,1,False,Summer,False,Dry
2021-08-25,7.4,15.6,3672,9.633020152505447,47930,15.367642746,2021,August,8,Wednesday,2,False,Summer,True,Moderate
2021-08-26,0.0,17.0,3721,9.513043088775419,48318,25.2204116744,2021,August,8,Thursday,3,False,Summer,False,Dry
2021-08-27,0.0,16.3,3815,10.174150283966798,46927,28.6030616723,2021,August,8,Friday,4,False,Summer,False,Dry
2021-08-28,0.0,15.7,2580,11.919412144702841,29763,18.2559624603,2021,August,8,Saturday,5,True,Summer,False,Dry
2021-08-29,0.0,15.5,1995,11.91687552213868,28903,14.7448598669,2021,August,8,Sunday,6,True,Summer,False,Dry
2021-08-30,0.0,14.2,3672,9.152410130718955,46386,24.297219051,2021,August,8,Monday,0,False,Summer,False,Dry
2021-08-31,0.0,15.3,3850,9.602242424242423,47413,20.8215309217,2021,August,8,Tuesday,1,False,Summer,False,Dry
2021-09-01,0.0,15.2,3987,9.654234595769585,46911,21.1389919762,2021,September,9,Wednesday,2,False,Autumn,False,Dry
2021-09-02,0.0,13.4,3532,8.903968478671196,47704,26.246641706,2021,September,9,Thursday,3,False,Autumn,False,Dry
2021-09-03,1.3,13.3,3196,9.342188151856488,46528,25.0206544131,2021,September,9,Friday,4,False,Autumn,True,Light
2021-09-04,0.0,12.1,2248,10.581954329774614,31837,16.6912705248,2021,September,9,Saturday,5,True,Autumn,False,Dry
2021-09-05,0.0,14.0,1630,10.967096114519427,29629,17.2689002162,2021,September,9,Sunday,6,True,Autumn,False,Dry
2021-09-06,0.0,14.1,3428,8.789473940101127,45391,23.6952623678,2021,September,9,Monday,0,False,Autumn,False,Dry
2021-09-07,2.0,14.9,2210,8.762579185520362,45335,16.1662145754,2021,September,9,Tuesday,1,False,Autumn,True,Light
2021-09-08,12.7,17.0,3274,9.546981266544492,46652,17.739924702,2021,September,9,Wednesday,2,False,Autumn,True,Moderate
2021-09-09,0.9,17.9,3737,9.305726518597806,47446,37.465431465,2021,September,9,Thursday,3,False,Autumn,True,Light
2021-09-10,0.0,17.6,3168,9.277272727272727,46368,48.3128675055,2021,September,9,Friday,4,False,Autumn,False,Dry
2021-09-11,3.2,16.3,975,9.333880341880342,30715,20.2762775924,2021,September,9,Saturday,5,True,Autumn,True,Light
2021-09-12,20.2,13.3,1499,10.800978430064488,29362,14.2168102635,2021,September,9,Sunday,6,True,Autumn,True,Heavy
2021-09-13,0.0,12.3,3522,9.160751466969526,45108,22.4733442248,2021,September,9,Monday,0,False,Autumn,False,Dry
2021-09-14,0.0,11.4,3726,9.209639470388263,47463,32.7022724563,2021,September,9,Tuesday,1,False,Autumn,False,Dry
2021-09-15,0.0,13.2,3586,9.198066555121772,47081,40.4206651758,2021,September,9,Wednesday,2,False,Autumn,False,Dry
2021-09-16,1.2,13.7,2894,8.917421101128772,48320,37.7756159431,2021,September,9,Thursday,3,False,Autumn,True,Light
2021-09-17,0.7,13.8,3186,9.148645114040594,46931,34.2617296132,2021,September,9,Friday,4,False,Autumn,True,Light
2021-09-18,0.0,14.5,1910,10.663001745200697,32035,13.5569439606,2021,September,9,Saturday,5,True,Autumn,False,Dry
2021-09-19,0.0,14.4,1476,10.313606594399277,29631,15.0904294109,2021,September,9,Sunday,6,True,Autumn,False,Dry
2021-09-20,0.0,12.9,3226,8.968438727009714,45251,18.4053831508,2021,September,9,Monday,0,False,Autumn,False,Dry
2021-09-21,11.9,12.6,2811,8.56039962053836,46851,30.6013870704,2021,September,9,Tuesday,1,False,Autumn,True,Moderate
2021-09-22,0.9,13.4,2263,8.336500220945647,46503,20.3676949893,2021,September,9,Wednesday,2,False,Autumn,True,Light
2021-09-23,41.9,9.9,2141,8.885715397789195,47530,21.5803693532,2021,September,9,Thursday,3,False,Autumn,True,Heavy
2021-09-24,24.2,10.4,1588,11.984529806884971,47042,21.596586807,2021,September,9,Friday,4,False,Autumn,True,Heavy
2021-09-25,36.3,11.4,1680,10.071795634920633,32997,14.450628997,2021,September,9,Saturday,5,True,Autumn,True,Heavy
2021-09-26,0.1,16.1,1414,11.010337105139085,30903,6.7102402225,2021,September,9,Sunday,6,True,Autumn,True,Light
2021-09-27,0.2,19.0,3289,9.14456775108949,45700,8.3591623568,2021,September,9,Monday,0,False,Autumn,True,Light
2021-09-28,20.9,13.4,3286,8.94933556502333,46958,19.6636734669,2021,September,9,Tuesday,1,False,Autumn,True,Heavy
2021-09-29,0.0,15.2,3413,8.997089559527298,47540,19.8354841886,2021,September,9,Wednesday,2,False,Autumn,False,Dry
2021-09-30,1.4,13.2,3038,8.809101382488478,48193,32.2145066274,2021,September,9,Thursday,3,False,Autumn,True,Light
2021-10-01,3.4,12.9,1993,8.434479009867871,47504,14.8243797993,2021,October,10,Friday,4,False,Autumn,True,Light
2021-10-02,10.3,11.7,1319,9.481602223907,32535,10.1860564987,2021,October,10,Saturday,5,True,Autumn,True,Moderate
2021-10-03,5.5,13.6,1037,9.644503375120541,29483,4.9277796442,2021,October,10,Sunday,6,True,Autumn,True,Moderate
2021-10-04,20.4,11.7,1784,8.734426382660688,45460,20.4496234066,2021,October,10,Monday,0,False,Autumn,True,Heavy
2021-10-05,39.2,11.0,2098,8.997823323800445,46653,44.9538159753,2021,October,10,Tuesday,1,False,Autumn,True,Heavy
2021-10-06,3.5,10.0,2595,8.850321130378934,47468,44.1588137333,2021,October,10,Wednesday,2,False,Autumn,True,Light
2021-10-07,4.6,11.1,2114,8.809421318196152,48060,25.1295738276,2021,October,10,Thursday,3,False,Autumn,True,Light
2021-10-08,46.0,14.2,1179,8.455216284987278,46496,17.5021462987,2021,October,10,Friday,4,False,Autumn,True,Heavy
2021-10-09,31.0,13.8,1344,9.345399305555556,30108,8.2092042054,2021,October,10,Saturday,5,True,Autumn,True,Heavy
2021-10-10,33.4,11.3,747,9.78161535029005,26411,10.3957241217,2021,October,10,Sunday,6,True,Autumn,True,Heavy
2021-10-11,26.4,7.1,1649,8.698797250859107,42919,30.1421612968,2021,October,10,Monday,0,False,Autumn,True,Heavy
2021-10-12,13.7,6.5,2350,9.289198581560283,44727,35.5641337334,2021,October,10,Tuesday,1,False,Autumn,True,Moderate
2021-10-13,0.1,7.2,1763,8.61423709585933,44258,24.2184539346,2021,October,10,Wednesday,2,False,Autumn,True,Light
2021-10-14,18.4,10.8,1114,8.340589467384799,44061,9.2064620019,2021,October,10,Thursday,3,False,Autumn,True,Moderate
2021-10-15,31.8,7.7,1399,8.567441029306648,43421,24.9308517503,2021,October,10,Friday,4,False,Autumn,True,Heavy
2021-10-16,16.9,7.0,1043,9.730728667305849,29557,25.9809936697,2021,October,10,Saturday,5,True,Autumn,True,Moderate
2021-10-17,4.6,4.7,1059,10.800771167768335,30086,32.8843948417,2021,October,10,Sunday,6,True,Autumn,True,Light
2021-10-18,0.0,4.5,2183,8.678431821652161,45706,57.6066902084,2021,October,10,Monday,0,False,Autumn,False,Dry
2021-10-19,4.8,11.0,1555,8.769549839228295,46234,16.1996347312,2021,October,10,Tuesday,1,False,Autumn,True,Light
2021-10-20,56.9,10.6,1442,8.335795191863154,47322,8.9161678485,2021,October,10,Wednesday,2,False,Autumn,True,Heavy
2021-10-21,27.6,5.0,1737,8.492985991172521,48534,24.0284739565,2021,October,10,Thursday,3,False,Autumn,True,Heavy
2021-10-22,8.8,4.6,1387,8.687262677241048,46682,30.0146671499,2021,October,10,Friday,4,False,Autumn,True,Moderate
2021-10-23,7.2,6.6,1225,9.172993197278911,32575,18.8563987791,2021,October,10,Saturday,5,True,Autumn,True,Moderate
2021-10-24,2.2,10.3,474,8.790400843881855,27611,5.9664277094,2021,October,10,Sunday,6,True,Autumn,True,Light
2021-10-25,50.7,10.6,1724,8.460092807424594,45517,15.0547624194,2021,October,10,Monday,0,False,Autumn,True,Heavy
2021-10-26,10.5,9.1,2041,8.898971092601666,47019,26.5349549706,2021,October,10,Tuesday,1,False,Autumn,True,Moderate
2021-10-27,32.3,11.9,2178,8.977999693908783,46512,26.198475124,2021,October,10,Wednesday,2,False,Autumn,True,Heavy
2021-10-28,26.0,12.1,1107,8.836208973200842,47825,18.0071673644,2021,October,10,Thursday,3,False,Autumn,True,Heavy
2021-10-29,87.9,13.7,1945,8.764010282776349,47736,17.4170312342,2021,October,10,Friday,4,False,Autumn,True,Heavy
2021-10-30,10.6,11.9,1361,10.320891501347049,34146,6.3568589826,2021,October,10,Saturday,5,True,Autumn,True,Moderate
2021-10-31,6.7,10.6,904,10.255862831858407,29818,8.2724307489,2021,October,10,Sunday,6,True,Autumn,True,Moderate
2021-11-01,13.8,11.2,1895,9.114872471416007,45025,13.8171929005,2021,November,11,Monday,0,False,Autumn,True,Moderate
2021-11-02,7.7,9.6,2254,8.750635906536528,46375,25.042488549,2021,November,11,Tuesday,1,False,Autumn,True,Moderate
2021-11-03,0.8,8.0,1890,8.857248677248677,46828,33.1501862738,2021,November,11,Wednesday,2,False,Autumn,True,Light
2021-11-04,1.9,6.7,2293,9.46317051897078,48098,45.2386337614,2021,November,11,Thursday,3,False,Autumn,True,Light
2021-11-05,5.2,7.0,1325,8.374364779874213,46046,41.9075538048,2021,November,11,Friday,4,False,Autumn,True,Moderate
2021-11-06,15.5,6.9,821,9.37557856272838,32732,21.6078850237,2021,November,11,Saturday,5,True,Autumn,True,Moderate
2021-11-07,25.0,8.2,656,9.559629065040651,29086,21.9003120655,2021,November,11,Sunday,6,True,Autumn,True,Heavy
2021-11-08,12.7,7.5,1970,8.647047377326565,44180,29.5455805422,2021,November,11,Monday,0,False,Autumn,True,Moderate
2021-11-09,25.8,9.6,2059,8.978678970373966,45510,22.4388353862,2021,November,11,Tuesday,1,False,Autumn,True,Heavy
2021-11-10,7.3,8.2,1863,8.485337269636785,46514,34.9082844373,2021,November,11,Wednesday,2,False,Autumn,True,Moderate
2021-11-11,13.3,7.1,1711,8.914455484122346,47149,25.1727276088,2021,November,11,Thursday,3,False,Autumn,True,Moderate
2021-11-12,7.4,7.7,1753,8.885795778665145,47363,40.3520985353,2021,November,11,Friday,4,False,Autumn,True,Moderate
2021-11-13,0.5,8.6,1260,10.13915343915344,32920,34.3927345874,2021,November,11,Saturday,5,True,Autumn,True,Light
2021-11-14,0.0,5.8,893,10.381877566256065,29956,28.4630219437,2021,November,11,Sunday,6,True,Autumn,False,Dry
2021-11-15,0.0,8.4,1220,8.371939890710383,43398,15.5576635643,2021,November,11,Monday,0,False,Autumn,False,Dry
2021-11-16,29.2,9.3,1319,8.938741470811221,45197,16.6347772819,2021,November,11,Tuesday,1,False,Autumn,True,Heavy
2021-11-17,36.5,6.1,1597,8.64775620955959,45989,40.4354533576,2021,November,11,Wednesday,2,False,Autumn,True,Heavy
2021-11-18,10.2,7.5,1152,9.114438657407408,47421,20.7598671335,2021,November,11,Thursday,3,False,Autumn,True,Moderate
2021-11-19,35.5,9.1,1319,8.497826636340662,47174,22.2896799477,2021,November,11,Friday,4,False,Autumn,True,Heavy
2021-11-20,7.2,6.3,582,9.63631156930126,33297,20.6105170269,2021,November,11,Saturday,5,True,Autumn,True,Moderate
2021-11-21,13.5,3.1,829,9.8943104141536,29966,31.3645684078,2021,November,11,Sunday,6,True,Autumn,True,Moderate
2021-11-22,2.2,4.9,1216,9.238390899122807,44342,40.0642715375,2021,November,11,Monday,0,False,Autumn,True,Light
2021-11-23,12.4,7.2,1273,8.966051322335689,45739,36.3374268944,2021,November,11,Tuesday,1,False,Autumn,True,Moderate
2021-11-24,18.9,6.8,1343,9.264532141970712,47275,27.5916713101,2021,November,11,Wednesday,2,False,Autumn,True,Moderate
2021-11-25,23.1,2.5,1720,9.281443798449613,49251,38.8252312625,2021,November,11,Thursday,3,False,Autumn,True,Heavy
2021-11-26,0.1,2.5,1625,8.915938461538461,47575,28.5898798046,2021,November,11,Friday,4,False,Autumn,True,Light
2021-11-27,0.0,-0.5,866,10.549191685912241,32610,46.5050653134,2021,November,11,Saturday,5,True,Autumn,False,Dry
2021-11-28,0.0,-4.0,643,9.772291342664593,30021,51.926967996,2021,November,11,Sunday,6,True,Autumn,False,Dry
2021-11-29,0.0,-2.0,1176,8.873738662131519,44729,36.6035549601,2021,November,11,Monday,0,False,Autumn,False,Dry
2021-11-30,8.1,0.6,747,11.277576974564926,44370,57.2463583593,2021,November,11,Tuesday,1,False,Autumn,True,Moderate
2021-12-01,0.1,-2.5,864,10.026523919753085,46130,69.7106804655,2021,December,12,Wednesday,2,False,Winter,True,Light
2021-12-02,0.2,-2.1,679,10.426607756504664,45493,67.769323564,2021,December,12,Thursday,3,False,Winter,True,Light
2021-12-03,2.3,0.2,786,9.222370653095844,45564,37.5379991708,2021,December,12,Friday,4,False,Winter,True,Light
2021-12-04,0.6,2.6,423,9.638297872340425,30303,16.5988398712,2021,December,12,Saturday,5,True,Winter,True,Light
2021-12-05,0.9,0.9,407,10.563226863226864,27480,38.9610965922,2021,December,12,Sunday,6,True,Winter,True,Light
2021-12-06,0.0,1.5,867,9.117358708189158,43534,13.48865683,2021,December,12,Monday,0,False,Winter,False,Dry
2021-12-07,0.1,4.1,1115,8.992660687593423,44626,16.7148505619,2021,December,12,Tuesday,1,False,Winter,True,Light
2021-12-08,0.0,3.1,1041,8.562023695164907,43860,22.2300468323,2021,December,12,Wednesday,2,False,Winter,False,Dry
2021-12-09,0.0,4.5,1178,9.360526315789475,44961,29.615518878,2021,December,12,Thursday,3,False,Winter,False,Dry
2021-12-10,0.0,3.3,1001,9.366933066933067,43988,59.1859028522,2021,December,12,Friday,4,False,Winter,False,Dry
2021-12-11,0.0,0.5,639,10.596791862284821,30309,32.7417632528,2021,December,12,Saturday,5,True,Winter,False,Dry
2021-12-12,2.4,5.1,588,10.322278911564625,26964,9.2755803412,2021,December,12,Sunday,6,True,Winter,True,Light
2021-12-13,2.2,7.1,1058,8.70981411468179,42457,28.700861921,2021,December,12,Monday,0,False,Winter,True,Light
2021-12-14,11.2,6.3,687,9.265211062590975,42854,29.1354801236,2021,December,12,Tuesday,1,False,Winter,True,Moderate
2021-12-15,57.0,9.2,938,9.146126510305615,43353,21.5873318281,2021,December,12,Wednesday,2,False,Winter,True,Heavy
2021-12-16,2.6,7.3,1029,8.982264334305151,45145,39.2801527793,2021,December,12,Thursday,3,False,Winter,True,Light
2021-12-17,4.8,7.7,711,9.434786685419597,44806,31.9633540417,2021,December,12,Friday,4,False,Winter,True,Light
2021-12-18,4.6,7.6,542,10.777767527675277,30219,28.9233624801,2021,December,12,Saturday,5,True,Winter,True,Light
2021-12-19,3.6,3.8,521,10.709916826615483,27622,22.7188975347,2021,December,12,Sunday,6,True,Winter,True,Light
2021-12-20,0.0,0.0,709,9.794193700047014,45681,55.9260980716,2021,December,12,Monday,0,False,Winter,False,Dry
2021-12-21,0.0,0.9,669,9.796960637767812,47030,38.2342380814,2021,December,12,Tuesday,1,False,Winter,False,Dry
2021-12-22,0.6,3.6,605,9.931404958677685,47092,20.687174761,2021,December,12,Wednesday,2,False,Winter,True,Light
2021-12-23,0.0,1.1,389,8.99764353041988,40945,52.073382462,2021,December,12,Thursday,3,False,Winter,False,Dry
2021-12-24,0.2,-2.2,114,11.710964912280701,21502,30.8906968242,2021,December,12,Friday,4,False,Winter,True,Light
2021-12-25,0.0,-2.9,58,11.184195402298851,15790,38.3793738555,2021,December,12,Saturday,5,True,Winter,False,Dry
2021-12-26,0.0,-2.0,144,10.401736111111111,19735,48.7853895481,2021,December,12,Sunday,6,True,Winter,False,Dry
2021-12-27,0.0,-2.2,243,9.039300411522634,31282,71.3640591091,2021,December,12,Monday,0,False,Winter,False,Dry
2021-12-28,0.7,0.7,267,9.439263420724094,30399,58.2600802071,2021,December,12,Tuesday,1,False,Winter,True,Light
2021-12-29,0.4,2.4,341,9.511143695014663,31296,41.2246644148,2021,December,12,Wednesday,2,False,Winter,True,Light
2021-12-30,7.7,7.7,257,9.62905317769131,30690,12.2141421703,2021,December,12,Thursday,3,False,Winter,True,Moderate
2021-12-31,29.2,7.0,241,10.134163208852007,20826,14.0277681972,2021,December,12,Friday,4,False,Winter,True,Heavy
2022-01-01,9.8,5.6,139,14.039928057553956,16848,11.7515625744,2022,January,1,Saturday,5,True,Winter,True,Moderate
2022-01-02,9.1,8.1,301,11.35514950166113,20778,7.7748323031,2022,January,1,Sunday,6,True,Winter,True,Moderate
2022-01-03,5.5,4.5,547,9.119957343083486,37656,19.9880748053,2022,January,1,Monday,0,False,Winter,True,Moderate
2022-01-04,15.9,3.0,600,9.111055555555556,38747,19.3468082125,2022,January,1,Tuesday,1,False,Winter,True,Moderate
2022-01-05,18.3,2.0,996,9.577058232931726,40008,26.5405174054,2022,January,1,Wednesday,2,False,Winter,True,Moderate
2022-01-06,0.0,0.3,1063,9.845484477892755,40503,39.9297321157,2022,January,1,Thursday,3,False,Winter,False,Dry
2022-01-07,0.2,4.5,1006,9.001590457256462,40647,16.6433250461,2022,January,1,Friday,4,False,Winter,True,Light
2022-01-08,0.3,3.1,570,9.737426900584795,26708,13.921250251,2022,January,1,Saturday,5,True,Winter,True,Light
2022-01-09,0.9,2.9,546,10.378052503052503,22075,30.2413903902,2022,January,1,Sunday,6,True,Winter,True,Light
2022-01-10,0.0,3.8,1207,9.568765534382766,40226,34.8459019215,2022,January,1,Monday,0,False,Winter,False,Dry
2022-01-11,6.2,5.7,1169,9.531394354148846,41078,30.0164355358,2022,January,1,Tuesday,1,False,Winter,True,Moderate
2022-01-12,12.9,8.0,788,9.030287648054145,40718,12.8196665578,2022,January,1,Wednesday,2,False,Winter,True,Moderate
2022-01-13,31.8,8.4,961,8.68893513701006,41644,11.6585282477,2022,January,1,Thursday,3,False,Winter,True,Heavy
2022-01-14,6.5,4.0,1236,8.950525889967638,41861,39.3161924353,2022,January,1,Friday,4,False,Winter,True,Moderate
2022-01-15,0.1,3.4,568,9.0993838028169,28485,12.7011837589,2022,January,1,Saturday,5,True,Winter,True,Light
2022-01-16,12.7,4.6,496,10.394119623655914,22668,9.9180460788,2022,January,1,Sunday,6,True,Winter,True,Moderate
2022-01-17,16.9,2.7,1359,9.177679666421389,40521,28.7855459292,2022,January,1,Monday,0,False,Winter,True,Moderate
2022-01-18,2.8,5.5,1443,8.994652344652344,41810,25.3821962312,2022,January,1,Tuesday,1,False,Winter,True,Light
2022-01-19,17.2,3.4,911,9.560958653494328,41850,10.9149116462,2022,January,1,Wednesday,2,False,Winter,True,Moderate
2022-01-20,19.7,0.1,914,9.509190371991247,42622,26.4377073897,2022,January,1,Thursday,3,False,Winter,True,Moderate
2022-01-21,3.7,3.0,899,8.90454208379681,41152,53.4538508371,2022,January,1,Friday,4,False,Winter,True,Light
2022-01-22,7.1,6.1,539,10.058843537414965,27738,11.0223861113,2022,January,1,Saturday,5,True,Winter,True,Moderate
2022-01-23,11.5,7.1,458,10.241994177583697,23528,7.6355390726,2022,January,1,Sunday,6,True,Winter,True,Moderate
2022-01-24,13.7,5.9,1201,9.22962808770469,40571,32.4786260766,2022,January,1,Monday,0,False,Winter,True,Moderate
2022-01-25,12.6,5.1,1172,8.975881683731513,41390,27.4369226727,2022,January,1,Tuesday,1,False,Winter,True,Moderate
2022-01-26,24.6,5.3,1343,8.719508562918838,41647,32.6636796204,2022,January,1,Wednesday,2,False,Winter,True,Heavy
2022-01-27,29.1,5.2,1125,8.804977777777777,43046,13.8366865718,2022,January,1,Thursday,3,False,Winter,True,Heavy
2022-01-28,3.0,3.0,843,8.623388691182285,40673,24.3335527852,2022,January,1,Friday,4,False,Winter,True,Light
2022-01-29,58.2,6.4,349,9.438920725883477,26408,6.7200384622,2022,January,1,Saturday,5,True,Winter,True,Heavy
2022-01-30,24.5,2.7,634,11.433228180862251,24496,20.661687842,2022,January,1,Sunday,6,True,Winter,True,Heavy
2022-01-31,0.1,0.2,992,8.973723118279569,40682,45.1345798591,2022,January,1,Monday,0,False,Winter,True,Light
2022-02-01,5.6,2.4,829,9.504061117812626,40291,21.6350032005,2022,February,2,Tuesday,1,False,Winter,True,Moderate
2022-02-02,12.6,1.3,1000,9.405083333333334,42105,41.0837176375,2022,February,2,Wednesday,2,False,Winter,True,Moderate
2022-02-03,6.9,4.9,1120,8.984181547619047,42506,19.4303416811,2022,February,2,Thursday,3,False,Winter,True,Moderate
2022-02-04,21.7,2.8,1109,8.837391042981665,41625,18.6831301312,2022,February,2,Friday,4,False,Winter,True,Heavy
2022-02-05,12.1,2.6,407,9.09066339066339,26603,15.9467377463,2022,February,2,Saturday,5,True,Winter,True,Moderate
2022-02-06,23.4,2.0,379,9.862357080035181,23451,24.9150561645,2022,February,2,Sunday,6,True,Winter,True,Heavy
2022-02-07,8.9,3.0,1197,8.904566972988025,41574,29.2096113184,2022,February,2,Monday,0,False,Winter,True,Moderate
2022-02-08,24.0,4.9,1423,8.772874209416726,42492,29.856450342,2022,February,2,Tuesday,1,False,Winter,True,Heavy
2022-02-09,6.8,4.0,1445,8.882341407151095,42299,14.244752241,2022,February,2,Wednesday,2,False,Winter,True,Moderate
2022-02-10,5.9,2.0,1357,8.777781871775977,43278,41.9663484104,2022,February,2,Thursday,3,False,Winter,True,Moderate
2022-02-11,7.0,0.5,680,9.01188725490196,40987,39.3305459909,2022,February,2,Friday,4,False,Winter,True,Moderate
2022-02-12,8.6,4.9,303,9.046864686468647,27938,10.6972531495,2022,February,2,Saturday,5,True,Winter,True,Moderate
2022-02-13,50.7,6.6,452,9.893952802359882,25457,9.6457897427,2022,February,2,Sunday,6,True,Winter,True,Heavy
2022-02-14,15.8,4.6,1470,9.18327664399093,42655,38.5654802467,2022,February,2,Monday,0,False,Winter,True,Moderate
2022-02-15,1.4,3.5,1403,8.561986220004751,43146,23.5821058899,2022,February,2,Tuesday,1,False,Winter,True,Light
2022-02-16,10.5,3.4,1335,8.803795255930089,43303,32.3209566562,2022,February,2,Wednesday,2,False,Winter,True,Moderate
2022-02-17,8.5,2.2,1254,9.062001594896332,43920,37.5353293257,2022,February,2,Thursday,3,False,Winter,True,Moderate
2022-02-18,9.1,2.5,1270,9.115433070866143,43538,35.5398994924,2022,February,2,Friday,4,False,Winter,True,Moderate
2022-02-19,2.0,0.4,722,10.02280701754386,29686,33.8498993012,2022,February,2,Saturday,5,True,Winter,True,Light
2022-02-20,6.3,1.8,310,9.727258064516128,24926,6.5801623685,2022,February,2,Sunday,6,True,Winter,True,Moderate
2022-02-21,13.3,2.9,1398,9.136337625178827,43167,38.1178503281,2022,February,2,Monday,0,False,Winter,True,Moderate
2022-02-22,2.4,0.9,1052,9.061723700887198,43706,31.8700346499,2022,February,2,Tuesday,1,False,Winter,True,Light
2022-02-23,6.3,4.5,1069,8.270891799189274,43503,19.577503017,2022,February,2,Wednesday,2,False,Winter,True,Moderate
2022-02-24,19.6,3.5,1177,8.753653355989805,44759,13.4535242952,2022,February,2,Thursday,3,False,Winter,True,Moderate
2022-02-25,16.2,3.4,1341,8.987733035048471,44020,31.2886873701,2022,February,2,Friday,4,False,Winter,True,Moderate
2022-02-26,0.1,4.6,830,9.903995983935744,28224,6.6427043304,2022,February,2,Saturday,5,True,Winter,True,Light
2022-02-27,0.1,6.7,745,10.618523489932887,25175,5.0219891862,2022,February,2,Sunday,6,True,Winter,True,Light
2022-02-28,0.0,5.7,1312,8.305513211382115,40289,12.6342570573,2022,February,2,Monday,0,False,Winter,False,Dry
2022-03-01,17.5,4.8,1392,8.675658524904215,40836,34.3586922161,2022,March,3,Tuesday,1,False,Spring,True,Moderate
2022-03-02,2.6,5.9,1625,9.032564102564102,40882,40.9082793445,2022,March,3,Wednesday,2,False,Spring,True,Light
2022-03-03,0.6,4.5,1626,10.506416564165642,40729,50.871381385,2022,March,3,Thursday,3,False,Spring,True,Light
2022-03-04,0.0,4.2,1615,9.626831785345718,39480,50.2460029829,2022,March,3,Friday,4,False,Spring,False,Dry
2022-03-05,0.0,2.8,850,9.777470588235294,26394,17.874368856,2022,March,3,Saturday,5,True,Spring,False,Dry
2022-03-06,1.6,4.0,913,11.950255567725447,26183,25.4451307114,2022,March,3,Sunday,6,True,Spring,True,Light
2022-03-07,0.0,4.0,1887,8.747791909556614,44179,40.0096558765,2022,March,3,Monday,0,False,Spring,False,Dry
2022-03-08,0.0,4.3,2072,9.524308236808237,45882,45.263908133,2022,March,3,Tuesday,1,False,Spring,False,Dry
2022-03-09,0.0,8.5,2129,8.8882652262408,46125,15.2363451227,2022,March,3,Wednesday,2,False,Spring,False,Dry
2022-03-10,0.0,9.5,1968,8.713313008130081,46649,17.5797110235,2022,March,3,Thursday,3,False,Spring,False,Dry
2022-03-11,0.0,11.0,1981,9.536925795053005,45962,15.4806148319,2022,March,3,Friday,4,False,Spring,False,Dry
2022-03-12,0.0,10.0,1167,10.529105969722936,29990,10.2432808923,2022,March,3,Saturday,5,True,Spring,False,Dry
2022-03-13,0.0,10.6,833,11.521348539415765,27834,5.2465424559,2022,March,3,Sunday,6,True,Spring,False,Dry
2022-03-14,1.0,9.5,2185,9.232189168573607,44818,26.9738647055,2022,March,3,Monday,0,False,Spring,True,Light
2022-03-15,0.0,6.7,1162,9.225344234079174,45942,25.3443299657,2022,March,3,Tuesday,1,False,Spring,False,Dry
2022-03-16,0.5,8.1,1510,8.519116997792494,45647,19.5001181016,2022,March,3,Wednesday,2,False,Spring,True,Light
2022-03-17,1.2,6.4,1255,9.05726427622842,46930,18.6999635035,2022,March,3,Thursday,3,False,Spring,True,Light
2022-03-18,17.3,6.2,1812,9.024291758646063,46613,20.2445809251,2022,March,3,Friday,4,False,Spring,True,Moderate
2022-03-19,0.0,6.4,1113,11.103683737646001,32005,21.5184780784,2022,March,3,Saturday,5,True,Spring,False,Dry
2022-03-20,0.0,6.0,1097,12.217304770586448,29553,22.1490238687,2022,March,3,Sunday,6,True,Spring,False,Dry
2022-03-21,0.0,5.8,2071,8.840037019153389,44593,45.7289193457,2022,March,3,Monday,0,False,Spring,False,Dry
2022-03-22,0.0,5.8,2117,8.80464493780507,46635,38.7947384926,2022,March,3,Tuesday,1,False,Spring,False,Dry
2022-03-23,0.1,6.4,2258,8.968157661647474,46299,36.2741541063,2022,March,3,Wednesday,2,False,Spring,True,Light
2022-03-24,0.6,8.7,2213,9.29144449465281,47460,21.0762743533,2022,March,3,Thursday,3,False,Spring,True,Light
2022-03-25,0.8,7.3,1002,8.397538256819695,45639,27.7164006204,2022,March,3,Friday,4,False,Spring,True,Light
2022-03-26,17.7,5.8,1277,10.863899765074393,33175,17.7912312928,2022,March,3,Saturday,5,True,Spring,True,Moderate
2022-03-27,1.4,6.4,629,10.762374138844727,28270,7.4937891059,2022,March,3,Sunday,6,True,Spring,True,Light
2022-03-28,3.7,6.0,1922,8.723421782865072,45213,21.7035762024,2022,March,3,Monday,0,False,Spring,True,Light
2022-03-29,1.4,2.9,2062,8.878410927901713,46402,25.2762104307,2022,March,3,Tuesday,1,False,Spring,True,Light
2022-03-30,0.1,2.8,2296,9.361164343786296,47296,28.7993086178,2022,March,3,Wednesday,2,False,Spring,True,Light
2022-03-31,0.0,3.0,2195,9.29589217919514,48143,36.8013575409,2022,March,3,Thursday,3,False,Spring,False,Dry
2022-04-01,0.0,2.9,1929,8.766692586832557,46831,43.8062479379,2022,April,4,Friday,4,False,Spring,False,Dry
2022-04-02,0.0,2.2,951,9.239379600420609,31316,22.8727135147,2022,April,4,Saturday,5,True,Spring,False,Dry
2022-04-03,2.0,3.4,521,8.932789507357645,27633,12.2581067643,2022,April,4,Sunday,6,True,Spring,True,Light
2022-04-04,28.6,3.7,1853,8.667062421298795,45028,20.6435388398,2022,April,4,Monday,0,False,Spring,True,Heavy
2022-04-05,9.9,2.8,1619,9.331820053530986,45904,26.4775258826,2022,April,4,Tuesday,1,False,Spring,True,Moderate
2022-04-06,0.0,2.8,2128,8.791353383458647,47428,47.7987970248,2022,April,4,Wednesday,2,False,Spring,False,Dry
2022-04-07,0.0,3.1,1978,8.881134142231211,48747,28.9379733873,2022,April,4,Thursday,3,False,Spring,False,Dry
2022-04-08,0.3,3.6,1751,8.832038834951456,47177,25.0429079937,2022,April,4,Friday,4,False,Spring,True,Light
2022-04-09,0.1,3.9,638,9.47771682340648,29019,14.5698697584,2022,April,4,Saturday,5,True,Spring,True,Light
2022-04-10,1.7,4.3,471,9.215003538570418,23239,11.8182748715,2022,April,4,Sunday,6,True,Spring,True,Light
2022-04-11,0.7,4.3,1124,9.4375,36714,30.6630087546,2022,April,4,Monday,0,False,Spring,True,Light
2022-04-12,1.8,6.1,1139,9.220676031606672,36676,31.0962306248,2022,April,4,Tuesday,1,False,Spring,True,Light
2022-04-13,0.0,5.8,549,9.264146933819065,31934,49.0811044616,2022,April,4,Wednesday,2,False,Spring,False,Dry
2022-04-14,9.6,8.8,574,12.9154181184669,19230,20.0610115969,2022,April,4,Thursday,3,False,Spring,True,Moderate
2022-04-15,0.0,8.3,536,13.836691542288557,17610,9.5155921069,2022,April,4,Friday,4,False,Spring,False,Dry
2022-04-16,0.0,6.6,600,12.002583333333334,20077,10.7137536254,2022,April,4,Saturday,5,True,Spring,False,Dry
2022-04-17,0.1,9.6,632,13.423206751054853,21742,8.83983029,2022,April,4,Sunday,6,True,Spring,True,Light
2022-04-18,0.0,10.6,1107,12.541869918699188,26277,15.5335441651,2022,April,4,Monday,0,False,Spring,False,Dry
2022-04-19,0.0,10.1,2407,8.909887827170751,46175,35.86371415,2022,April,4,Tuesday,1,False,Spring,False,Dry
2022-04-20,0.0,11.0,2847,11.298641845217189,47304,49.6288761327,2022,April,4,Wednesday,2,False,Spring,False,Dry
2022-04-21,0.0,13.8,2733,9.729155994633492,48530,31.3909596036,2022,April,4,Thursday,3,False,Spring,False,Dry
2022-04-22,0.0,14.4,2759,10.501848495831823,47247,35.7600982364,2022,April,4,Friday,4,False,Spring,False,Dry
2022-04-23,0.0,13.1,1897,12.036109646810754,32383,27.1906716797,2022,April,4,Saturday,5,True,Spring,False,Dry
2022-04-24,0.0,10.9,1317,12.097468995191091,29864,13.8037668764,2022,April,4,Sunday,6,True,Spring,False,Dry
2022-04-25,0.0,9.2,2736,9.906822612085769,47159,27.4955424293,2022,April,4,Monday,0,False,Spring,False,Dry
2022-04-26,0.0,9.8,3032,9.941347845206685,48632,,2022,April,4,Tuesday,1,False,Spring,False,Dry
2022-04-27,0.0,7.2,2973,9.67766005157529,48289,,2022,April,4,Wednesday,2,False,Spring,False,Dry
2022-04-28,0.0,8.0,2753,9.31306453565807,50014,18.6861834518,2022,April,4,Thursday,3,False,Spring,False,Dry
2022-04-29,1.2,8.4,2341,10.45017086715079,48925,21.5303033675,2022,April,4,Friday,4,False,Spring,True,Light
2022-04-30,1.1,8.6,2076,12.147904624277457,33111,13.4476453035,2022,April,4,Saturday,5,True,Spring,True,Light
2022-05-01,0.0,8.3,1637,13.33837304011403,31443,14.6403933472,2022,May,5,Sunday,6,True,Spring,False,Dry
2022-05-02,0.3,6.8,2121,9.24961496149615,46606,22.4659686818,2022,May,5,Monday,0,False,Spring,True,Light
2022-05-03,1.6,7.0,2679,9.673466467587408,48294,24.5138519652,2022,May,5,Tuesday,1,False,Spring,True,Light
2022-05-04,0.0,6.6,2312,8.780788638985007,47760,19.4318050789,2022,May,5,Wednesday,2,False,Spring,False,Dry
2022-05-05,5.1,8.7,2374,9.087643920247121,48828,19.4953804641,2022,May,5,Thursday,3,False,Spring,True,Moderate
2022-05-06,1.4,9.2,1209,8.318789633305762,47503,14.2003030759,2022,May,5,Friday,4,False,Spring,True,Light
2022-05-07,30.0,6.9,1329,10.994093303235514,33711,13.0608257095,2022,May,5,Saturday,5,True,Spring,True,Heavy
2022-05-08,0.5,8.2,1261,12.359463388844832,32370,14.0559602179,2022,May,5,Sunday,6,True,Spring,True,Light
2022-05-09,0.0,10.7,2585,9.813281753707285,46142,14.4621825146,2022,May,5,Monday,0,False,Spring,False,Dry
2022-05-10,9.5,9.8,1707,9.318629173989455,48091,16.1372733155,2022,May,5,Tuesday,1,False,Spring,True,Moderate
2022-05-11,15.3,9.3,1841,9.342413543364115,48010,14.1135806715,2022,May,5,Wednesday,2,False,Spring,True,Moderate
2022-05-12,16.3,8.4,1940,8.717233676975946,49616,14.9593722801,2022,May,5,Thursday,3,False,Spring,True,Moderate
2022-05-13,9.8,8.5,1072,8.84393656716418,48461,13.615982065,2022,May,5,Friday,4,False,Spring,True,Moderate
2022-05-14,28.0,8.9,1351,10.839587959536146,33758,11.8428144756,2022,May,5,Saturday,5,True,Spring,True,Heavy
2022-05-15,0.3,11.2,1127,12.589396628216504,30660,10.9844516368,2022,May,5,Sunday,6,True,Spring,True,Light
2022-05-16,0.1,13.8,2800,10.247535714285714,48104,26.8721340585,2022,May,5,Monday,0,False,Spring,True,Light
2022-05-17,0.0,14.3,449,11.858277654046029,29547,21.941734625,2022,May,5,Tuesday,1,False,Spring,False,Dry
2022-05-18,0.0,14.1,2000,9.231291666666666,46265,17.7066569366,2022,May,5,Wednesday,2,False,Spring,False,Dry
2022-05-19,7.6,11.2,2565,9.003645224171539,48310,24.7791762955,2022,May,5,Thursday,3,False,Spring,True,Moderate
2022-05-20,0.2,13.1,2706,9.84308943089431,47928,16.7949019485,2022,May,5,Friday,4,False,Spring,True,Light
2022-05-21,0.1,11.7,1564,11.275607416879796,33513,11.1823571364,2022,May,5,Saturday,5,True,Spring,True,Light
2022-05-22,1.8,13.3,1439,12.235371785962474,30692,5.6050923791,2022,May,5,Sunday,6,True,Spring,True,Light
2022-05-23,2.0,12.3,1167,8.364995715509854,46144,16.7145802376,2022,May,5,Monday,0,False,Spring,True,Light
2022-05-24,24.3,13.1,2004,9.509106786427147,48401,19.8975659417,2022,May,5,Tuesday,1,False,Spring,True,Heavy
2022-05-25,17.2,10.4,1958,9.31533878106912,49795,13.2254123632,2022,May,5,Wednesday,2,False,Spring,True,Moderate
2022-05-26,10.4,10.5,1503,10.90789532047017,28411,5.0264448116,2022,May,5,Thursday,3,False,Spring,True,Moderate
2022-05-27,5.7,9.9,1982,10.332492431886983,42895,20.1825327543,2022,May,5,Friday,4,False,Spring,True,Moderate
2022-05-28,0.0,10.8,1570,11.378216560509554,30429,9.1154842485,2022,May,5,Saturday,5,True,Spring,False,Dry
2022-05-29,0.1,8.5,930,10.628440860215054,29190,11.2600762932,2022,May,5,Sunday,6,True,Spring,True,Light
2022-05-30,1.7,10.6,2617,9.453012355113998,47649,22.8825638553,2022,May,5,Monday,0,False,Spring,True,Light
2022-05-31,0.1,12.6,2461,9.326588107815251,48766,33.489995874,2022,May,5,Tuesday,1,False,Spring,True,Light
2022-06-01,0.2,12.4,2820,10.286164302600472,48801,21.0709468907,2022,June,6,Wednesday,2,False,Summer,True,Light
2022-06-02,10.7,10.6,1695,8.978210422812193,48379,24.3022536415,2022,June,6,Thursday,3,False,Summer,True,Moderate
2022-06-03,7.3,11.1,2198,9.860744616317865,48259,23.71753604,2022,June,6,Friday,4,False,Summer,True,Moderate
2022-06-04,0.3,11.2,1601,11.719945867166356,,9.6396932107,2022,June,6,Saturday,5,True,Summer,True,Light
2022-06-05,0.0,12.8,1372,14.268306608357628,,6.303909957,2022,June,6,Sunday,6,True,Summer,False,Dry
2022-06-06,0.0,15.6,1908,13.207774283717681,,28.0140679866,2022,June,6,Monday,0,False,Summer,False,Dry
2022-06-07,0.2,18.0,3087,10.871779505452976,,33.8620680931,2022,June,6,Tuesday,1,False,Summer,True,Light
2022-06-08,0.0,15.4,2856,9.72451563958917,49465,17.4146443135,2022,June,6,Wednesday,2,False,Summer,False,Dry
2022-06-09,0.4,13.7,2684,9.793076254346746,50069,23.9236352315,2022,June,6,Thursday,3,False,Summer,True,Light
2022-06-10,0.4,14.2,1950,9.354264957264956,48565,14.8793484669,2022,June,6,Friday,4,False,Summer,True,Light
2022-06-11,5.9,14.0,1303,10.623317984139165,33280,4.898662158,2022,June,6,Saturday,5,True,Summer,True,Moderate
2022-06-12,17.7,11.9,680,9.648553921568627,29821,3.1782966338,2022,June,6,Sunday,6,True,Summer,True,Moderate
2022-06-13,11.3,11.0,1454,9.229115084823475,47014,22.1393798392,2022,June,6,Monday,0,False,Summer,True,Moderate
2022-06-14,11.3,12.7,2228,9.331859664871335,48652,22.2047517749,2022,June,6,Tuesday,1,False,Summer,True,Moderate
2022-06-15,1.1,13.1,2525,9.638567656765677,49611,24.9791890829,2022,June,6,Wednesday,2,False,Summer,True,Light
2022-06-16,0.9,13.8,2410,9.854903181189488,50373,17.5863065416,2022,June,6,Thursday,3,False,Summer,True,Light
2022-06-17,1.8,13.6,1427,8.737164213968699,48530,14.0365237213,2022,June,6,Friday,4,False,Summer,True,Light
2022-06-18,25.2,10.9,937,11.017680540732837,34517,5.1527014111,2022,June,6,Saturday,5,True,Summer,True,Heavy
2022-06-19,30.6,13.3,1088,12.434757965686273,31274,9.1486551949,2022,June,6,Sunday,6,True,Summer,True,Heavy
2022-06-20,3.7,13.7,2415,10.309178743961354,46858,23.2852118392,2022,June,6,Monday,0,False,Summer,True,Light
2022-06-21,2.7,11.6,1175,8.715248226950354,46620,18.0622694354,2022,June,6,Tuesday,1,False,Summer,True,Light
2022-06-22,11.0,11.5,1923,9.484624718322067,47932,12.6077946353,2022,June,6,Wednesday,2,False,Summer,True,Moderate
2022-06-23,6.2,14.6,1925,9.941212121212121,47689,12.1107200683,2022,June,6,Thursday,3,False,Summer,True,Moderate
2022-06-24,0.0,21.4,2258,11.425206672571596,44571,31.7416398964,2022,June,6,Friday,4,False,Summer,False,Dry
2022-06-25,5.9,20.2,1249,13.14982652788898,28948,8.9895091154,2022,June,6,Saturday,5,True,Summer,True,Moderate
2022-06-26,0.0,17.1,665,12.465964912280702,26995,,2022,June,6,Sunday,6,True,Summer,False,Dry
2022-06-27,9.3,16.5,2305,11.018141720896601,46890,,2022,June,6,Monday,0,False,Summer,True,Moderate
2022-06-28,0.0,16.0,2365,10.839203664552501,47077,,2022,June,6,Tuesday,1,False,Summer,False,Dry
2022-06-29,0.0,17.8,2300,11.065601449275363,47048,,2022,June,6,Wednesday,2,False,Summer,False,Dry
2022-06-30,0.0,19.9,2298,11.07422396286626,46457,19.8753146483,2022,June,6,Thursday,3,False,Summer,False,Dry
2022-07-01,0.0,20.4,1827,11.144015690567414,42337,23.6009669248,2022,July,7,Friday,4,False,Summer,False,Dry
2022-07-02,9.5,15.4,779,11.127899015832263,27485,4.1831370519,2022,July,7,Saturday,5,True,Summer,True,Moderate
2022-07-03,27.4,14.2,614,11.048941368078177,24578,4.596944054,2022,July,7,Sunday,6,True,Summer,True,Heavy
2022-07-04,14.0,12.9,1089,10.088475665748394,41467,14.3606899289,2022,July,7,Monday,0,False,Summer,True,Moderate
2022-07-05,18.4,12.5,1293,10.013676205207528,41353,16.469205551,2022,July,7,Tuesday,1,False,Summer,True,Moderate
2022-07-06,1.1,12.3,739,8.893662607126748,40422,15.4233768216,2022,July,7,Wednesday,2,False,Summer,True,Light
2022-07-07,25.3,12.7,1267,9.64147592738753,40106,16.0503635172,2022,July,7,Thursday,3,False,Summer,True,Heavy
2022-07-08,4.0,12.5,1066,10.302673545966229,37570,14.3589101881,2022,July,7,Friday,4,False,Summer,True,Light
2022-07-09,4.5,11.4,587,10.91090289608177,24128,9.0554588714,2022,July,7,Saturday,5,True,Summer,True,Light
2022-07-10,0.8,12.8,707,13.40063649222065,22680,11.2866390059,2022,July,7,Sunday,6,True,Summer,True,Light
2022-07-11,0.0,17.0,1397,10.913624433309472,33559,16.746167522,2022,July,7,Monday,0,False,Summer,False,Dry
2022-07-12,0.0,15.8,912,9.910434941520469,33268,12.9635531311,2022,July,7,Tuesday,1,False,Summer,False,Dry
2022-07-13,6.1,12.6,882,10.182860922146636,35053,14.6183865774,2022,July,7,Wednesday,2,False,Summer,True,Moderate
2022-07-14,17.3,11.9,1079,9.90203892493049,34356,15.530311048,2022,July,7,Thursday,3,False,Summer,True,Moderate
2022-07-15,1.5,11.6,951,9.774640729057133,32647,14.2485467665,2022,July,7,Friday,4,False,Summer,True,Light
2022-07-16,5.1,12.1,773,11.66235446313066,22999,9.6611617079,2022,July,7,Saturday,5,True,Summer,True,Moderate
2022-07-17,1.5,12.6,448,12.723288690476192,20886,6.4580749543,2022,July,7,Sunday,6,True,Summer,True,Light
2022-07-18,21.6,15.2,1137,11.94998534154207,32150,15.4441964384,2022,July,7,Monday,0,False,Summer,True,Heavy
2022-07-19,0.5,20.5,1353,11.28170731707317,29639,14.9428751621,2022,July,7,Tuesday,1,False,Summer,True,Light
2022-07-20,0.2,19.9,1066,11.647686053783614,29544,,2022,July,7,Wednesday,2,False,Summer,True,Light
2022-07-21,8.8,14.7,1214,11.751331685886875,31204,,2022,July,7,Thursday,3,False,Summer,True,Moderate
2022-07-22,0.0,16.1,1257,11.622421108459294,30755,,2022,July,7,Friday,4,False,Summer,False,Dry
2022-07-23,0.2,14.3,941,12.877523910733263,23674,,2022,July,7,Saturday,5,True,Summer,True,Light
2022-07-24,0.1,14.6,374,11.55650623885918,21397,,2022,July,7,Sunday,6,True,Summer,True,Light
2022-07-25,30.6,14.5,659,10.287076378351037,32744,,2022,July,7,Monday,0,False,Summer,True,Heavy
2022-07-26,11.7,11.1,632,9.223839662447256,32004,,2022,July,7,Tuesday,1,False,Summer,True,Moderate
2022-07-27,5.6,11.8,1145,11.138981077147015,32150,,2022,July,7,Wednesday,2,False,Summer,True,Moderate
2022-07-28,0.3,14.1,1318,12.711937278705108,31547,,2022,July,7,Thursday,3,False,Summer,True,Light
2022-07-29,0.1,14.3,1150,10.99627536231884,31172,18.5590135849,2022,July,7,Friday,4,False,Summer,True,Light
2022-07-30,0.0,15.4,913,11.498959474260678,24175,8.1225450062,2022,July,7,Saturday,5,True,Summer,False,Dry
2022-07-31,17.2,14.2,787,13.18998305802626,24102,14.4405320169,2022,July,7,Sunday,6,True,Summer,True,Moderate
2022-08-01,0.2,13.5,1637,11.754479739360619,37246,16.4988745413,2022,August,8,Monday,0,False,Summer,True,Light
2022-08-02,0.1,14.9,970,9.452852233676976,36792,9.8206679743,2022,August,8,Tuesday,1,False,Summer,True,Light
2022-08-03,7.6,16.1,1212,10.147167216721673,37947,8.0834465829,2022,August,8,Wednesday,2,False,Summer,True,Moderate
2022-08-04,13.0,12.9,1136,10.05068955399061,38944,23.1774760846,2022,August,8,Thursday,3,False,Summer,True,Moderate
2022-08-05,6.8,12.2,1468,10.825045413260671,38779,16.2001972751,2022,August,8,Friday,4,False,Summer,True,Moderate
2022-08-06,12.5,11.8,973,11.246282973621103,28222,9.6110056155,2022,August,8,Saturday,5,True,Summer,True,Moderate
2022-08-07,13.7,12.7,388,10.727362542955325,25165,8.6643564366,2022,August,8,Sunday,6,True,Summer,True,Moderate
2022-08-08,13.0,14.5,1903,10.605964266946927,41740,13.0110330504,2022,August,8,Monday,0,False,Summer,True,Moderate
2022-08-09,0.9,15.2,1604,9.956920199501246,42561,14.3684724134,2022,August,8,Tuesday,1,False,Summer,True,Light
2022-08-10,2.2,17.7,2256,11.053354018912529,43354,8.6655991249,2022,August,8,Wednesday,2,False,Summer,True,Light
2022-08-11,0.5,17.2,2236,11.032692307692306,44590,12.4059089966,2022,August,8,Thursday,3,False,Summer,True,Light
2022-08-12,2.8,15.9,1921,11.3880097171612,44648,29.9323054068,2022,August,8,Friday,4,False,Summer,True,Light
2022-08-13,0.8,16.6,1325,13.381635220125787,30734,16.7217932129,2022,August,8,Saturday,5,True,Summer,True,Light
2022-08-14,0.0,19.3,1567,15.197723888534354,30412,20.2036993151,2022,August,8,Sunday,6,True,Summer,False,Dry
2022-08-15,0.1,20.0,2444,10.609506273867977,45495,36.3656547458,2022,August,8,Monday,0,False,Summer,True,Light
2022-08-16,6.3,17.6,1737,9.560353099213202,46205,42.4050969118,2022,August,8,Tuesday,1,False,Summer,True,Moderate
2022-08-17,16.2,13.9,2683,9.95756615728662,46483,17.3403965126,2022,August,8,Wednesday,2,False,Summer,True,Moderate
2022-08-18,0.0,14.1,2667,10.017597800274967,46961,17.626005318,2022,August,8,Thursday,3,False,Summer,False,Dry
2022-08-19,0.4,16.1,2041,9.908223093254941,46660,17.4669463612,2022,August,8,Friday,4,False,Summer,True,Light
2022-08-20,8.5,15.5,1170,11.098618233618234,31654,8.0899772679,2022,August,8,Saturday,5,True,Summer,True,Moderate
2022-08-21,22.3,14.6,1025,13.384081300813007,29107,7.527438743,2022,August,8,Sunday,6,True,Summer,True,Heavy
2022-08-22,4.1,14.4,2913,9.781290765533814,46632,19.5280199776,2022,August,8,Monday,0,False,Summer,True,Light
2022-08-23,0.3,18.0,3124,10.247561886470338,47439,26.466568583,2022,August,8,Tuesday,1,False,Summer,True,Light
2022-08-24,0.2,21.0,2750,9.582157575757575,47070,22.3494401534,2022,August,8,Wednesday,2,False,Summer,True,Light
2022-08-25,4.1,18.4,1834,9.517675390766994,47451,23.4406769992,2022,August,8,Thursday,3,False,Summer,True,Light
2022-08-26,32.4,15.5,2368,10.573057432432432,46793,18.5942188342,2022,August,8,Friday,4,False,Summer,True,Heavy
2022-08-27,0.0,13.5,1749,13.268381932532877,31171,15.5342318171,2022,August,8,Saturday,5,True,Summer,False,Dry
2022-08-28,0.0,14.0,1600,13.356822916666667,30551,12.3335418488,2022,August,8,Sunday,6,True,Summer,False,Dry
2022-08-29,0.0,14.8,3072,10.67619357638889,45929,23.6156248752,2022,August,8,Monday,0,False,Summer,False,Dry
2022-08-30,0.1,15.4,3299,10.027836718197435,46880,30.9249015943,2022,August,8,Tuesday,1,False,Summer,True,Light
2022-08-31,0.1,16.1,3226,10.647091341186197,47370,22.1454610322,2022,August,8,Wednesday,2,False,Summer,True,Light
2022-09-01,0.1,14.0,3057,9.445867408134337,46707,27.7739187081,2022,September,9,Thursday,3,False,Autumn,True,Light
2022-09-02,0.0,14.8,2933,9.94599386293897,46077,31.7181286793,2022,September,9,Friday,4,False,Autumn,False,Dry
2022-09-03,0.0,15.1,1835,12.786194368755677,30361,24.3363740041,2022,September,9,Saturday,5,True,Autumn,False,Dry
2022-09-04,0.0,16.1,1598,13.531216103462663,30204,27.9670060501,2022,September,9,Sunday,6,True,Autumn,False,Dry
2022-09-05,0.2,17.4,3356,9.83188816050854,44935,27.995952049,2022,September,9,Monday,0,False,Autumn,True,Light
2022-09-06,0.5,16.4,3432,9.897455322455322,46601,39.8102951379,2022,September,9,Tuesday,1,False,Autumn,True,Light
2022-09-07,0.0,15.4,3323,10.070990069214565,46471,35.5118137194,2022,September,9,Wednesday,2,False,Autumn,False,Dry
2022-09-08,0.0,15.4,3315,10.132101558572145,47122,37.9406221161,2022,September,9,Thursday,3,False,Autumn,False,Dry
2022-09-09,0.3,14.5,2953,9.724968958121684,45738,36.4642418623,2022,September,9,Friday,4,False,Autumn,True,Light
2022-09-10,0.2,13.5,1676,11.644908512330945,30165,25.0361810118,2022,September,9,Saturday,5,True,Autumn,True,Light
2022-09-11,0.0,12.9,1400,11.864845238095238,28979,16.9829282739,2022,September,9,Sunday,6,True,Autumn,False,Dry
2022-09-12,5.9,14.1,1449,9.24247757073844,44661,19.088390232,2022,September,9,Monday,0,False,Autumn,True,Moderate
2022-09-13,23.8,12.7,2795,9.093315444245677,46460,26.8765061047,2022,September,9,Tuesday,1,False,Autumn,True,Heavy
2022-09-14,2.5,11.3,2137,9.31909998440181,46311,32.3605122495,2022,September,9,Wednesday,2,False,Autumn,True,Light
2022-09-15,8.6,10.6,1637,8.858501323559357,46533,26.2096073173,2022,September,9,Thursday,3,False,Autumn,True,Moderate
2022-09-16,8.4,12.0,2244,9.300074272133095,46352,19.2611985483,2022,September,9,Friday,4,False,Autumn,True,Moderate
2022-09-17,0.1,10.6,1070,10.364143302180684,31508,14.9554094389,2022,September,9,Saturday,5,True,Autumn,True,Light
2022-09-18,4.3,11.3,1172,12.420634243458476,29714,17.5673569468,2022,September,9,Sunday,6,True,Autumn,True,Light
2022-09-19,0.3,10.7,2801,9.846531000833036,45169,30.800786387,2022,September,9,Monday,0,False,Autumn,True,Light
2022-09-20,0.0,9.4,2889,9.322331833391024,46916,28.6458567083,2022,September,9,Tuesday,1,False,Autumn,False,Dry
2022-09-21,0.0,12.2,2923,9.586514996008667,46979,18.388113266,2022,September,9,Wednesday,2,False,Autumn,False,Dry
2022-09-22,0.0,13.9,1642,8.699756394640682,47272,13.8181667475,2022,September,9,Thursday,3,False,Autumn,False,Dry
2022-09-23,51.1,12.0,2409,9.681119413311194,46217,30.1402367894,2022,September,9,Friday,4,False,Autumn,True,Heavy
2022-09-24,0.0,10.7,1509,10.703810470510271,33228,20.4776998544,2022,September,9,Saturday,5,True,Autumn,False,Dry
2022-09-25,0.0,8.8,554,10.200120336943442,30052,10.4440081299,2022,September,9,Sunday,6,True,Autumn,False,Dry
2022-09-26,46.3,9.9,1770,8.990065913370998,44775,25.020739222,2022,September,9,Monday,0,False,Autumn,True,Heavy
2022-09-27,11.0,10.5,2650,9.204220125786163,46713,31.8163729108,2022,September,9,Tuesday,1,False,Autumn,True,Moderate
2022-09-28,0.1,15.1,2914,9.101012354152367,44942,36.1177807032,2022,September,9,Wednesday,2,False,Autumn,True,Light
2022-09-29,0.0,12.0,2848,9.29588600187266,46153,46.5176439479,2022,September,9,Thursday,3,False,Autumn,False,Dry
2022-09-30,0.0,12.7,2491,9.304369061956377,46107,11.5777078476,2022,September,9,Friday,4,False,Autumn,False,Dry
2022-10-01,1.5,12.5,1247,10.815958299919808,33220,12.7543736816,2022,October,10,Saturday,5,True,Autumn,True,Light
2022-10-02,4.7,10.6,711,10.071565869667136,29429,14.234168678,2022,October,10,Sunday,6,True,Autumn,True,Light
2022-10-03,8.1,11.3,2275,9.147047619047619,43672,21.3956415977,2022,October,10,Monday,0,False,Autumn,True,Moderate
2022-10-04,0.9,12.4,1457,8.822775108670784,44901,14.7270343386,2022,October,10,Tuesday,1,False,Autumn,True,Light
2022-10-05,50.1,10.7,1725,8.832106280193237,44107,22.5212161385,2022,October,10,Wednesday,2,False,Autumn,True,Heavy
2022-10-06,27.5,11.0,1864,8.78386981402003,45653,13.7636752341,2022,October,10,Thursday,3,False,Autumn,True,Heavy
2022-10-07,13.7,11.8,1730,9.175857418111754,44232,9.1580658497,2022,October,10,Friday,4,False,Autumn,True,Moderate
2022-10-08,5.4,8.3,956,9.216701534170152,29425,18.5511258016,2022,October,10,Saturday,5,True,Autumn,True,Moderate
2022-10-09,9.5,11.5,761,9.820170827858082,26136,4.0072524682,2022,October,10,Sunday,6,True,Autumn,True,Moderate
2022-10-10,20.4,9.7,1378,8.685788582486696,40933,15.3529863864,2022,October,10,Monday,0,False,Autumn,True,Heavy
2022-10-11,16.5,7.4,1668,9.226608713029577,42102,29.6050511045,2022,October,10,Tuesday,1,False,Autumn,True,Moderate
2022-10-12,4.2,10.0,1476,8.878297199638663,42093,16.2663767417,2022,October,10,Wednesday,2,False,Autumn,True,Light
2022-10-13,22.2,9.4,1817,9.157613281966613,42694,30.1073986193,2022,October,10,Thursday,3,False,Autumn,True,Heavy
2022-10-14,0.9,9.0,1168,8.178125,41258,16.5787315805,2022,October,10,Friday,4,False,Autumn,True,Light
2022-10-15,22.6,8.4,1030,10.672734627831714,30218,14.6453749236,2022,October,10,Saturday,5,True,Autumn,True,Heavy
2022-10-16,8.7,8.9,437,9.735774218154083,26643,12.6010686043,2022,October,10,Sunday,6,True,Autumn,True,Moderate
2022-10-17,27.2,9.7,1765,8.715627950897073,42797,29.2975462177,2022,October,10,Monday,0,False,Autumn,True,Heavy
2022-10-18,10.9,8.6,2044,9.336929223744292,44520,29.7324548324,2022,October,10,Tuesday,1,False,Autumn,True,Moderate
2022-10-19,0.6,4.6,2333,9.064673524789256,44928,40.9287978,2022,October,10,Wednesday,2,False,Autumn,True,Light
2022-10-20,0.0,3.9,2004,8.924093479707253,46669,45.3954054196,2022,October,10,Thursday,3,False,Autumn,False,Dry
2022-10-21,0.0,5.8,1899,8.781788660698613,46018,56.399084181,2022,October,10,Friday,4,False,Autumn,False,Dry
2022-10-22,1.7,8.1,1190,9.541792717086835,32276,46.104153063,2022,October,10,Saturday,5,True,Autumn,True,Light
2022-10-23,1.5,9.5,630,10.052195767195768,28745,28.0807822924,2022,October,10,Sunday,6,True,Autumn,True,Light
2022-10-24,9.2,9.1,2026,9.034904573872986,44440,52.2087238568,2022,October,10,Monday,0,False,Autumn,True,Moderate
2022-10-25,0.5,10.4,1986,8.910095669687815,44362,29.4689412008,2022,October,10,Tuesday,1,False,Autumn,True,Light
2022-10-26,0.8,11.9,2170,8.481597542242703,45721,19.639206812,2022,October,10,Wednesday,2,False,Autumn,True,Light
2022-10-27,3.1,12.9,2197,9.077317554240631,46974,15.4219194198,2022,October,10,Thursday,3,False,Autumn,True,Light
2022-10-28,0.9,13.2,1663,8.72504509921828,45856,18.7483479594,2022,October,10,Friday,4,False,Autumn,True,Light
2022-10-29,16.6,11.4,1031,9.466731328806985,33662,15.3793608731,2022,October,10,Saturday,5,True,Autumn,True,Moderate
2022-10-30,0.5,11.6,725,9.800275862068965,29374,18.9060371855,2022,October,10,Sunday,6,True,Autumn,True,Light
2022-10-31,14.2,12.3,1870,8.681657754010695,45590,15.4601634209,2022,October,10,Monday,0,False,Autumn,True,Moderate
2022-11-01,1.7,13.4,1989,9.267278364337187,46510,17.1675989915,2022,November,11,Tuesday,1,False,Autumn,True,Light
2022-11-02,16.5,9.7,1727,8.90083960625362,47543,21.7256873616,2022,November,11,Wednesday,2,False,Autumn,True,Moderate
2022-11-03,19.0,10.4,1850,8.647666666666666,48466,20.0269194351,2022,November,11,Thursday,3,False,Autumn,True,Moderate
2022-11-04,10.4,7.7,1163,8.556233877901978,46278,42.8078283568,2022,November,11,Friday,4,False,Autumn,True,Moderate
2022-11-05,11.8,7.9,732,9.453551912568306,33201,15.1196353414,2022,November,11,Saturday,5,True,Autumn,True,Moderate
2022-11-06,10.0,8.4,645,9.821033591731267,30447,23.8064475451,2022,November,11,Sunday,6,True,Autumn,True,Moderate
2022-11-07,1.6,7.6,1736,8.809763824884792,44748,34.5303996419,2022,November,11,Monday,0,False,Autumn,True,Light
2022-11-08,2.5,11.3,1637,9.021187130930564,46277,19.2693486104,2022,November,11,Tuesday,1,False,Autumn,True,Light
2022-11-09,17.0,9.9,1443,8.99883344883345,46786,20.5358979355,2022,November,11,Wednesday,2,False,Autumn,True,Moderate
2022-11-10,26.3,11.2,997,8.358090939485121,47043,14.2375829595,2022,November,11,Thursday,3,False,Autumn,True,Heavy
2022-11-11,54.5,12.8,1323,8.677223481985386,48094,6.5278566916,2022,November,11,Friday,4,False,Autumn,True,Heavy
2022-11-12,8.9,10.7,991,9.755903128153381,34126,25.1194541636,2022,November,11,Saturday,5,True,Autumn,True,Moderate
2022-11-13,0.3,11.0,808,11.35519801980198,31632,17.9561472268,2022,November,11,Sunday,6,True,Autumn,True,Light
2022-11-14,0.0,7.8,2023,8.801919591365959,45473,34.1085344431,2022,November,11,Monday,0,False,Autumn,False,Dry
2022-11-15,0.0,8.5,1981,8.931717987548376,47416,33.2088796495,2022,November,11,Tuesday,1,False,Autumn,False,Dry
2022-11-16,0.0,10.3,1995,8.868930659983292,47170,9.2205760771,2022,November,11,Wednesday,2,False,Autumn,False,Dry
2022-11-17,0.0,6.4,1895,9.030615655233069,48454,32.3905432552,2022,November,11,Thursday,3,False,Autumn,False,Dry
2022-11-18,0.0,1.9,1726,8.693385477018154,48233,63.2317719217,2022,November,11,Friday,4,False,Autumn,False,Dry
2022-11-19,0.0,-1.1,979,9.930337078651684,35543,52.2800619738,2022,November,11,Saturday,5,True,Autumn,False,Dry
2022-11-20,0.0,-1.8,600,10.21413888888889,30104,48.49492323,2022,November,11,Sunday,6,True,Autumn,False,Dry
2022-11-21,0.0,0.2,1540,8.67840909090909,45356,23.9827547719,2022,November,11,Monday,0,False,Autumn,False,Dry
2022-11-22,0.0,3.4,1663,8.732421326919223,46440,31.32700204,2022,November,11,Tuesday,1,False,Autumn,False,Dry
2022-11-23,0.0,6.8,1660,8.783293172690763,47679,20.766522153,2022,November,11,Wednesday,2,False,Autumn,False,Dry
2022-11-24,0.0,9.4,1587,9.385129174543163,48941,9.3355026598,2022,November,11,Thursday,3,False,Autumn,False,Dry
2022-11-25,1.0,10.2,1337,8.799401645474944,50008,10.1712454803,2022,November,11,Friday,4,False,Autumn,True,Light
2022-11-26,3.0,9.4,972,9.515157750342937,34767,8.6507044002,2022,November,11,Saturday,5,True,Autumn,True,Light
2022-11-27,0.0,10.5,450,9.446074074074074,30113,6.5220990683,2022,November,11,Sunday,6,True,Autumn,False,Dry
2022-11-28,5.2,8.9,1547,8.992156862745098,45734,22.8272539808,2022,November,11,Monday,0,False,Autumn,True,Moderate
2022-11-29,0.4,7.1,1745,8.61502387774594,47147,36.3956833483,2022,November,11,Tuesday,1,False,Autumn,True,Light
2022-11-30,0.6,4.6,1800,8.794074074074075,48054,50.4271085176,2022,November,11,Wednesday,2,False,Autumn,True,Light
2022-12-01,0.0,4.0,1735,8.754428434197886,48927,48.1209188463,2022,December,12,Thursday,3,False,Winter,False,Dry
2022-12-02,0.0,-0.2,1502,8.818308921438083,48562,61.3100669628,2022,December,12,Friday,4,False,Winter,False,Dry
2022-12-03,0.0,-1.7,724,10.044129834254143,34249,59.2049593441,2022,December,12,Saturday,5,True,Winter,False,Dry
2022-12-04,0.0,-1.4,509,9.85694171578258,31277,51.9408330154,2022,December,12,Sunday,6,True,Winter,False,Dry
2022-12-05,0.1,1.3,1339,8.891809808314662,45335,48.0701187916,2022,December,12,Monday,0,False,Winter,True,Light
2022-12-06,0.1,1.0,1456,8.891575091575092,47388,43.9316377531,2022,December,12,Tuesday,1,False,Winter,True,Light
2022-12-07,0.0,-3.8,1302,9.0286866359447,46928,70.3148563807,2022,December,12,Wednesday,2,False,Winter,False,Dry
2022-12-08,2.2,-1.5,810,9.850267489711936,46965,59.1071259642,2022,December,12,Thursday,3,False,Winter,True,Light
2022-12-09,0.0,-1.4,967,8.90403309203723,48310,64.0652891159,2022,December,12,Friday,4,False,Winter,False,Dry
2022-12-10,0.0,-4.3,514,9.498994811932556,34689,61.1540360037,2022,December,12,Saturday,5,True,Winter,False,Dry
2022-12-11,0.7,-1.9,406,9.117569786535304,32064,45.725821796,2022,December,12,Sunday,6,True,Winter,True,Light
2022-12-12,0.1,-3.6,1169,9.074066153407472,46371,59.406251162,2022,December,12,Monday,0,False,Winter,True,Light
2022-12-13,7.0,-4.2,324,10.8940329218107,40106,46.4113386737,2022,December,12,Tuesday,1,False,Winter,True,Moderate
2022-12-14,5.1,-5.0,341,13.187243401759531,46141,62.375615382,2022,December,12,Wednesday,2,False,Winter,True,Moderate
2022-12-15,1.8,-5.6,381,11.166579177602799,47696,91.1361243506,2022,December,12,Thursday,3,False,Winter,True,Light
2022-12-16,1.2,-1.1,238,11.283613445378151,45601,48.3651378133,2022,December,12,Friday,4,False,Winter,True,Light
2022-12-17,7.3,2.1,168,11.958035714285714,32978,21.7748412634,2022,December,12,Saturday,5,True,Winter,True,Moderate
2022-12-18,12.7,2.6,155,12.094193548387096,29863,33.2658962833,2022,December,12,Sunday,6,True,Winter,True,Moderate
2022-12-19,0.3,6.7,459,9.65366739288308,46490,12.7953326348,2022,December,12,Monday,0,False,Winter,True,Light
2022-12-20,10.9,7.3,707,8.876049033474777,49903,27.454603571,2022,December,12,Tuesday,1,False,Winter,True,Moderate
2022-12-21,16.1,4.8,508,8.749376640419948,50120,29.0462380709,2022,December,12,Wednesday,2,False,Winter,True,Moderate
2022-12-22,34.7,3.0,602,8.5062569213732,50232,36.5843115674,2022,December,12,Thursday,3,False,Winter,True,Heavy
2022-12-23,0.0,-1.3,262,10.920356234096692,42223,53.8990600946,2022,December,12,Friday,4,False,Winter,False,Dry
2022-12-24,0.0,-4.0,77,17.793722943722944,20928,54.4093177383,2022,December,12,Saturday,5,True,Winter,False,Dry
2022-12-25,0.0,5.8,53,13.611006289308175,16572,5.9498035433,2022,December,12,Sunday,6,True,Winter,False,Dry
2022-12-26,28.8,4.2,110,10.851212121212122,21645,10.4647879356,2022,December,12,Monday,0,False,Winter,True,Heavy
2022-12-27,28.4,1.2,120,9.38263888888889,30918,24.5352807664,2022,December,12,Tuesday,1,False,Winter,True,Heavy
2022-12-28,5.8,2.5,177,10.893408662900189,31814,33.5495171504,2022,December,12,Wednesday,2,False,Winter,True,Moderate
2022-12-29,4.9,6.0,222,9.072447447447447,32634,11.0342526213,2022,December,12,Thursday,3,False,Winter,True,Light
2022-12-30,25.2,5.0,229,9.060262008733625,32193,13.6581619524,2022,December,12,Friday,4,False,Winter,True,Heavy
2022-12-31,33.1,3.7,207,10.473268921095007,20706,17.9122543687,2022,December,12,Saturday,5,True,Winter,True,Heavy
2023-01-01,8.0,-2.3,88,12.49280303030303,21802,50.6116617986,2023,January,1,Sunday,6,True,Winter,True,Moderate
2023-01-02,0.0,-2.6,542,10.270448954489545,38179,75.4426780249,2023,January,1,Monday,0,False,Winter,False,Dry
2023-01-03,0.0,1.7,769,8.983723450368444,41022,34.555528254,2023,January,1,Tuesday,1,False,Winter,False,Dry
2023-01-04,0.2,4.7,845,8.551321499013806,41650,13.0029533045,2023,January,1,Wednesday,2,False,Winter,True,Light
2023-01-05,15.6,1.7,824,8.87340210355987,42049,14.9764755372,2023,January,1,Thursday,3,False,Winter,True,Moderate
2023-01-06,10.4,4.7,724,8.147398710865561,42392,7.2172739028,2023,January,1,Friday,4,False,Winter,True,Moderate
2023-01-07,20.4,7.8,329,10.27228976697062,28756,6.0508030998,2023,January,1,Saturday,5,True,Winter,True,Heavy
2023-01-08,21.2,7.1,274,10.109793187347933,25516,6.3864447819,2023,January,1,Sunday,6,True,Winter,True,Heavy
2023-01-09,16.4,6.2,1088,8.819255514705883,43546,17.7934137874,2023,January,1,Monday,0,False,Winter,True,Moderate
2023-01-10,8.8,6.3,1214,8.608621636463482,44405,17.2605373486,2023,January,1,Tuesday,1,False,Winter,True,Moderate
2023-01-11,16.0,6.9,1036,8.45537323037323,45075,5.9186839316,2023,January,1,Wednesday,2,False,Winter,True,Moderate
2023-01-12,18.9,5.3,1381,8.631052377504224,46401,27.1939076941,2023,January,1,Thursday,3,False,Winter,True,Moderate
2023-01-13,0.3,2.9,1137,8.755936675461742,45476,50.9148882072,2023,January,1,Friday,4,False,Winter,True,Light
2023-01-14,1.5,1.5,614,9.889169381107491,30225,27.5577817263,2023,January,1,Saturday,5,True,Winter,True,Light
2023-01-15,1.4,2.4,426,9.272769953051643,26920,23.0254292186,2023,January,1,Sunday,6,True,Winter,True,Light
2023-01-16,4.8,1.0,719,9.221928604543347,42690,35.4700209556,2023,January,1,Monday,0,False,Winter,True,Light
2023-01-17,5.5,1.0,958,9.284237995824634,44179,53.426949148,2023,January,1,Tuesday,1,False,Winter,True,Moderate
2023-01-18,0.1,0.4,1078,9.028092145949289,45469,52.2593259941,2023,January,1,Wednesday,2,False,Winter,True,Light
2023-01-19,0.7,-1.5,993,9.785767035918093,46330,58.66910957,2023,January,1,Thursday,3,False,Winter,True,Light
2023-01-20,0.0,-4.1,852,8.941353677621283,45144,72.1004970874,2023,January,1,Friday,4,False,Winter,False,Dry
2023-01-21,0.0,0.0,390,9.1,30201,15.8562591047,2023,January,1,Saturday,5,True,Winter,False,Dry
2023-01-22,0.0,2.8,324,8.421450617283952,26894,3.5544599946,2023,January,1,Sunday,6,True,Winter,False,Dry
2023-01-23,0.5,2.6,801,8.835705368289638,43451,10.6949242184,2023,January,1,Monday,0,False,Winter,True,Light
2023-01-24,14.9,6.8,910,8.656007326007325,45540,12.3564255178,2023,January,1,Tuesday,1,False,Winter,True,Moderate
2023-01-25,34.2,7.1,1210,8.375509641873279,46377,24.1475872999,2023,January,1,Wednesday,2,False,Winter,True,Heavy
2023-01-26,9.9,3.0,1391,9.16835609872993,47434,40.9325256549,2023,January,1,Thursday,3,False,Winter,True,Moderate
2023-01-27,0.0,1.6,1071,8.454808590102708,45216,29.1881201076,2023,January,1,Friday,4,False,Winter,False,Dry
2023-01-28,12.4,4.8,659,9.725290844714213,30671,25.7388077921,2023,January,1,Saturday,5,True,Winter,True,Moderate
2023-01-29,13.0,6.3,224,10.448214285714286,26854,5.281853959,2023,January,1,Sunday,6,True,Winter,True,Moderate
2023-01-30,59.2,3.1,1083,8.368236380424745,44487,25.2212464866,2023,January,1,Monday,0,False,Winter,True,Heavy
2023-01-31,3.5,2.6,875,9.089752380952381,45266,20.8762149489,2023,January,1,Tuesday,1,False,Winter,True,Light
2023-02-01,31.0,3.3,1400,8.723595238095237,45685,34.2147522643,2023,February,2,Wednesday,2,False,Winter,True,Heavy
2023-02-02,0.1,0.6,1279,8.95956476413865,46411,37.2419574479,2023,February,2,Thursday,3,False,Winter,True,Light
2023-02-03,26.5,2.6,1122,8.81369578134284,45000,36.6519615132,2023,February,2,Friday,4,False,Winter,True,Heavy
2023-02-04,1.5,2.6,582,8.744072164948454,29470,9.1361060836,2023,February,2,Saturday,5,True,Winter,True,Light
2023-02-05,9.5,4.2,455,10.446849816849817,27353,21.7094417766,2023,February,2,Sunday,6,True,Winter,True,Moderate
2023-02-06,0.7,6.0,1496,8.575835561497327,43832,14.6706693287,2023,February,2,Monday,0,False,Winter,True,Light
2023-02-07,0.2,6.2,1095,8.369299847792998,45152,18.1121409525,2023,February,2,Tuesday,1,False,Winter,True,Light
2023-02-08,8.8,7.2,1325,8.433861635220126,45545,9.1348793449,2023,February,2,Wednesday,2,False,Winter,True,Moderate
2023-02-09,13.3,3.4,1020,8.426470588235293,46995,10.3976649507,2023,February,2,Thursday,3,False,Winter,True,Moderate
2023-02-10,8.6,4.1,732,8.553187613843352,46028,14.5671018229,2023,February,2,Friday,4,False,Winter,True,Moderate
2023-02-11,31.7,7.8,604,9.60091059602649,32898,16.6833741842,2023,February,2,Saturday,5,True,Winter,True,Heavy
2023-02-12,3.6,7.8,449,10.056755753526355,29584,20.8600687136,2023,February,2,Sunday,6,True,Winter,True,Light
2023-02-13,1.5,7.1,1631,9.123891273247496,45173,29.5037127763,2023,February,2,Monday,0,False,Winter,True,Light
2023-02-14,0.0,6.0,1697,8.52785307405225,46611,12.791801027,2023,February,2,Tuesday,1,False,Winter,False,Dry
2023-02-15,0.0,7.6,1658,8.08329312424608,46812,10.7385513611,2023,February,2,Wednesday,2,False,Winter,False,Dry
2023-02-16,6.1,6.0,1437,7.9996636511250285,47265,21.8583278518,2023,February,2,Thursday,3,False,Winter,True,Moderate
2023-02-17,18.6,5.1,894,8.453560775540641,45786,16.5703001144,2023,February,2,Friday,4,False,Winter,True,Moderate
2023-02-18,13.8,1.8,578,9.891810841983851,31737,25.8613664228,2023,February,2,Saturday,5,True,Winter,True,Moderate
2023-02-19,2.8,2.6,371,10.305525606469002,28000,10.3888308958,2023,February,2,Sunday,6,True,Winter,True,Light
2023-02-20,34.7,6.9,1323,8.156752330561854,44914,9.53148188,2023,February,2,Monday,0,False,Winter,True,Heavy
2023-02-21,5.0,5.9,1637,8.647953573610263,47271,28.4128436372,2023,February,2,Tuesday,1,False,Winter,True,Moderate
2023-02-22,1.2,5.3,918,8.006681190994916,46259,17.2783123296,2023,February,2,Wednesday,2,False,Winter,True,Light
2023-02-23,32.2,2.3,1345,7.9773853779429995,46429,18.6568893427,2023,February,2,Thursday,3,False,Winter,True,Heavy
2023-02-24,8.7,2.9,1123,8.631700801424754,45398,24.3645525037,2023,February,2,Friday,4,False,Winter,True,Moderate
2023-02-25,0.0,2.1,637,10.265907901622187,28871,22.3726421976,2023,February,2,Saturday,5,True,Winter,False,Dry
2023-02-26,0.0,2.4,587,10.738046564452016,25083,17.6240996024,2023,February,2,Sunday,6,True,Winter,False,Dry
2023-02-27,0.0,3.1,1311,9.121294177472667,41375,28.0763967063,2023,February,2,Monday,0,False,Winter,False,Dry
2023-02-28,0.0,4.0,1353,8.82421778763242,42769,20.9690189599,2023,February,2,Tuesday,1,False,Winter,False,Dry
2023-03-01,0.0,5.0,1454,9.21462631820266,42910,30.9197307422,2023,March,3,Wednesday,2,False,Spring,False,Dry
2023-03-02,0.0,2.7,1314,9.424695585996956,41378,45.1400109444,2023,March,3,Thursday,3,False,Spring,False,Dry
2023-03-03,0.0,2.4,967,8.796346087556016,39451,41.6336729441,2023,March,3,Friday,4,False,Spring,False,Dry
2023-03-04,1.0,0.8,493,9.290703177822854,26527,14.1246001776,2023,March,3,Saturday,5,True,Spring,True,Light
2023-03-05,1.1,-1.0,537,10.622315332091869,26668,25.4492808848,2023,March,3,Sunday,6,True,Spring,True,Light
2023-03-06,0.0,-1.3,1518,8.99580588493632,44583,34.4247425851,2023,March,3,Monday,0,False,Spring,False,Dry
2023-03-07,0.0,-1.4,1582,8.497387273493468,46097,28.0301372228,2023,March,3,Tuesday,1,False,Spring,False,Dry
2023-03-08,0.0,-3.1,955,9.19153577661431,45648,44.3503913615,2023,March,3,Wednesday,2,False,Spring,False,Dry
2023-03-09,3.5,-4.6,824,8.683737864077669,46303,44.9476225029,2023,March,3,Thursday,3,False,Spring,True,Light
2023-03-10,0.8,-3.8,979,8.92150153217569,45725,39.2151231691,2023,March,3,Friday,4,False,Spring,True,Light
2023-03-11,5.9,-2.1,123,11.91639566395664,29032,20.6575943807,2023,March,3,Saturday,5,True,Spring,True,Moderate
2023-03-12,8.2,-0.4,182,10.368681318681318,27856,7.9751097076,2023,March,3,Sunday,6,True,Spring,True,Moderate
2023-03-13,0.1,2.8,805,8.909026915113872,43949,30.9985557067,2023,March,3,Monday,0,False,Spring,True,Light
2023-03-14,4.7,1.0,927,9.136785329018338,45186,26.6913868856,2023,March,3,Tuesday,1,False,Spring,True,Light
2023-03-15,6.0,1.5,983,9.251627670396745,46577,45.8755720525,2023,March,3,Wednesday,2,False,Spring,True,Moderate
2023-03-16,0.0,2.7,970,8.221494845360825,46296,13.9896780405,2023,March,3,Thursday,3,False,Spring,False,Dry
2023-03-17,24.0,5.8,705,8.54404255319149,46205,22.9581183238,2023,March,3,Friday,4,False,Spring,True,Heavy
2023-03-18,28.5,4.3,795,11.32817610062893,34038,29.8260447975,2023,March,3,Saturday,5,True,Spring,True,Heavy
2023-03-19,0.1,5.7,288,8.93449074074074,29864,18.8052323486,2023,March,3,Sunday,6,True,Spring,True,Light
2023-03-20,16.3,3.9,1498,9.147040498442367,45705,40.9515686639,2023,March,3,Monday,0,False,Spring,True,Moderate
2023-03-21,0.9,4.8,1238,8.414728056004307,46344,29.5058544864,2023,March,3,Tuesday,1,False,Spring,True,Light
2023-03-22,13.2,7.1,1106,8.690506329113925,47641,15.4943135296,2023,March,3,Wednesday,2,False,Spring,True,Moderate
2023-03-23,14.5,7.0,1003,8.66822864739116,47660,17.3136628426,2023,March,3,Thursday,3,False,Spring,True,Moderate
2023-03-24,32.2,6.7,1205,9.036569847856155,47769,36.5010906561,2023,March,3,Friday,4,False,Spring,True,Heavy
2023-03-25,4.2,5.2,833,9.981232492997199,33896,16.708222553,2023,March,3,Saturday,5,True,Spring,True,Light
2023-03-26,0.0,2.0,670,11.043358208955224,30228,11.8807610654,2023,March,3,Sunday,6,True,Spring,False,Dry
2023-03-27,3.6,2.4,1414,9.757543611504007,46193,26.6366555438,2023,March,3,Monday,0,False,Spring,True,Light
2023-03-28,0.5,1.5,850,8.357843137254902,45745,20.3462788211,2023,March,3,Tuesday,1,False,Spring,True,Light
2023-03-29,8.6,3.8,1675,9.581701492537313,48555,38.4633591995,2023,March,3,Wednesday,2,False,Spring,True,Moderate
2023-03-30,0.0,4.7,1155,8.26836940836941,49450,43.4961435186,2023,March,3,Thursday,3,False,Spring,False,Dry
2023-03-31,3.1,6.7,1402,9.494852591535901,48609,29.2808598018,2023,March,3,Friday,4,False,Spring,True,Light
2023-04-01,0.0,4.1,686,10.374319727891157,29145,22.5121760997,2023,April,4,Saturday,5,True,Spring,False,Dry
2023-04-02,0.0,4.7,497,11.775486250838364,23694,20.9742195901,2023,April,4,Sunday,6,True,Spring,False,Dry
2023-04-03,0.8,5.4,909,9.172185551888521,36784,22.882086707,2023,April,4,Monday,0,False,Spring,True,Light
2023-04-04,0.1,4.9,883,10.831162702906756,36126,24.9671763887,2023,April,4,Tuesday,1,False,Spring,True,Light
2023-04-05,0.0,6.4,778,9.954220222793488,32113,14.9964790401,2023,April,4,Wednesday,2,False,Spring,False,Dry
2023-04-06,0.0,4.4,452,12.709550147492624,18535,16.3854584037,2023,April,4,Thursday,3,False,Spring,False,Dry
2023-04-07,0.0,7.1,520,13.014871794871794,18286,17.6053791896,2023,April,4,Friday,4,False,Spring,False,Dry
2023-04-08,0.0,7.3,567,13.050088183421517,20031,20.1552784323,2023,April,4,Saturday,5,True,Spring,False,Dry
2023-04-09,0.0,7.6,291,12.675773195876289,21606,20.2633063422,2023,April,4,Sunday,6,True,Spring,False,Dry
2023-04-10,3.0,10.5,672,10.751215277777778,27183,5.477427443,2023,April,4,Monday,0,False,Spring,True,Light
2023-04-11,0.4,9.0,1332,8.42932932932933,46082,16.3442778283,2023,April,4,Tuesday,1,False,Spring,True,Light
2023-04-12,6.1,9.2,1868,9.114016773733049,47419,18.9990440906,2023,April,4,Wednesday,2,False,Spring,True,Moderate
2023-04-13,0.0,10.3,1862,8.833780880773363,48883,21.9563148065,2023,April,4,Thursday,3,False,Spring,False,Dry
2023-04-14,0.1,10.1,1827,8.645292829775588,48146,17.6954819359,2023,April,4,Friday,4,False,Spring,True,Light
2023-04-15,0.1,9.0,1338,11.738166417538615,34432,20.5735518309,2023,April,4,Saturday,5,True,Spring,True,Light
2023-04-16,0.0,8.1,1492,19.34758713136729,31830,23.1683387713,2023,April,4,Sunday,6,True,Spring,False,Dry
2023-04-17,0.0,9.5,2472,10.992165587918016,47689,30.1590617331,2023,April,4,Monday,0,False,Spring,False,Dry
2023-04-18,0.1,10.6,2485,10.640858484238766,48495,35.561297165,2023,April,4,Tuesday,1,False,Spring,True,Light
2023-04-19,0.0,11.5,2504,12.596572151224708,48868,37.9845284162,2023,April,4,Wednesday,2,False,Spring,False,Dry
2023-04-20,0.3,12.1,2673,11.37963586482105,49241,36.5949729299,2023,April,4,Thursday,3,False,Spring,True,Light
2023-04-21,0.0,11.4,2233,10.723458725182864,48590,36.9642591157,2023,April,4,Friday,4,False,Spring,False,Dry
2023-04-22,0.0,12.1,1681,13.796936347412256,34048,23.2705811643,2023,April,4,Saturday,5,True,Spring,False,Dry
2023-04-23,0.3,9.4,716,12.133100558659217,29828,13.6319484627,2023,April,4,Sunday,6,True,Spring,True,Light
2023-04-24,9.0,6.2,1593,9.128583385645532,47358,26.4445425373,2023,April,4,Monday,0,False,Spring,True,Moderate
2023-04-25,0.4,5.4,1851,8.834017648118135,48824,15.2959382932,2023,April,4,Tuesday,1,False,Spring,True,Light
2023-04-26,0.2,4.4,1796,8.900139198218262,49520,19.9052114346,2023,April,4,Wednesday,2,False,Spring,True,Light
2023-04-27,4.2,4.1,1569,10.176014446568939,50667,25.708661598,2023,April,4,Thursday,3,False,Spring,True,Light
2023-04-28,3.5,3.8,1535,9.209250814332249,50676,25.1820736103,2023,April,4,Friday,4,False,Spring,True,Light
2023-04-29,11.9,4.5,1174,12.602086882453152,34511,10.2968387183,2023,April,4,Saturday,5,True,Spring,True,Moderate
2023-04-30,2.3,4.3,890,13.778558052434457,29474,12.3453694357,2023,April,4,Sunday,6,True,Spring,True,Light
2023-05-01,1.5,5.2,1229,15.142256577163003,28052,11.6467881255,2023,May,5,Monday,0,False,Spring,True,Light
2023-05-02,2.6,6.6,2069,9.90362493958434,49624,18.1353488532,2023,May,5,Tuesday,1,False,Spring,True,Light
2023-05-03,1.5,7.5,2356,10.040945104697228,49184,19.3019877829,2023,May,5,Wednesday,2,False,Spring,True,Light
2023-05-04,0.4,7.5,2372,10.340430016863406,50400,31.6190566761,2023,May,5,Thursday,3,False,Spring,True,Light
2023-05-05,0.0,8.9,2339,11.202835969787658,49658,23.3497391657,2023,May,5,Friday,4,False,Spring,False,Dry
2023-05-06,0.0,9.6,1583,13.276110760160034,33392,23.9692678661,2023,May,5,Saturday,5,True,Spring,False,Dry
2023-05-07,0.0,10.7,1489,16.26430490261921,31966,15.001902898,2023,May,5,Sunday,6,True,Spring,False,Dry
2023-05-08,0.3,14.0,2211,9.897723503693653,49167,12.5976071956,2023,May,5,Monday,0,False,Spring,True,Light
2023-05-09,1.6,12.8,1676,9.302496022275259,48846,12.8316660205,2023,May,5,Tuesday,1,False,Spring,True,Light
2023-05-10,9.9,11.2,1336,8.749875249500999,49317,44.6496065769,2023,May,5,Wednesday,2,False,Spring,True,Moderate
2023-05-11,8.6,11.7,2080,9.671522435897435,51225,35.4184852463,2023,May,5,Thursday,3,False,Spring,True,Moderate
2023-05-12,0.0,11.5,2171,10.31424074927069,51448,26.8017736924,2023,May,5,Friday,4,False,Spring,False,Dry
2023-05-13,0.0,10.2,1436,13.474593779015784,35335,12.872799904,2023,May,5,Saturday,5,True,Spring,False,Dry
2023-05-14,0.0,11.2,1189,14.428595458368376,33066,13.1784986208,2023,May,5,Sunday,6,True,Spring,False,Dry
2023-05-15,0.0,8.5,2008,9.14758466135458,51521,20.5945499661,2023,May,5,Monday,0,False,Spring,False,Dry
2023-05-16,0.0,6.8,1842,9.213373145132103,53357,18.9757265008,2023,May,5,Tuesday,1,False,Spring,False,Dry
2023-05-17,3.3,6.2,277,10.187966305655836,29077,11.3503623356,2023,May,5,Wednesday,2,False,Spring,True,Light
2023-05-18,0.0,9.2,609,14.40120415982485,28129,5.9518585385,2023,May,5,Thursday,3,False,Spring,False,Dry
2023-05-19,3.3,10.5,1150,10.116101449275362,39175,12.3041121688,2023,May,5,Friday,4,False,Spring,True,Light
2023-05-20,0.3,11.8,1184,13.215512387387387,28440,8.3399354683,2023,May,5,Saturday,5,True,Spring,True,Light
2023-05-21,0.0,12.9,1280,14.416822916666666,30054,12.2941119013,2023,May,5,Sunday,6,True,Spring,False,Dry
2023-05-22,0.0,11.4,1976,9.736597503373819,47721,40.6262069492,2023,May,5,Monday,0,False,Spring,False,Dry
2023-05-23,2.1,10.9,2174,10.570085863232137,49708,23.6362524311,2023,May,5,Tuesday,1,False,Spring,True,Light
2023-05-24,0.3,9.9,1728,9.7367862654321,49672,15.2038163371,2023,May,5,Wednesday,2,False,Spring,True,Light
2023-05-25,5.2,9.6,1993,9.349573507275464,50960,12.7810932127,2023,May,5,Thursday,3,False,Spring,True,Moderate
2023-05-26,1.3,10.0,1949,9.931836839404824,50162,19.4752519393,2023,May,5,Friday,4,False,Spring,True,Light
2023-05-27,3.0,8.8,473,10.232205778717406,32070,7.1963341513,2023,May,5,Saturday,5,True,Spring,True,Light
2023-05-28,19.4,8.1,982,13.558621860149357,29076,11.6587683119,2023,May,5,Sunday,6,True,Spring,True,Moderate
2023-05-29,0.1,8.1,558,11.849641577060932,29490,15.273385847,2023,May,5,Monday,0,False,Spring,True,Light
2023-05-30,14.7,10.4,2152,9.780862763320942,51555,23.7959945764,2023,May,5,Tuesday,1,False,Spring,True,Moderate
2023-05-31,2.5,10.3,1878,9.800621228257011,50664,23.5087031969,2023,May,5,Wednesday,2,False,Spring,True,Light
2023-06-01,0.6,10.5,2201,9.825821596244133,52268,16.670158445,2023,June,6,Thursday,3,False,Summer,True,Light
2023-06-02,0.0,12.4,2340,10.893554131054131,51492,14.3725092078,2023,June,6,Friday,4,False,Summer,False,Dry
2023-06-03,0.1,11.8,1555,14.440889603429795,35399,10.6625442334,2023,June,6,Saturday,5,True,Summer,True,Light
2023-06-04,0.0,13.9,1389,14.843952483801296,33164,19.5116218881,2023,June,6,Sunday,6,True,Summer,False,Dry
2023-06-05,0.0,11.5,2156,9.932359307359308,48602,20.7205685755,2023,June,6,Monday,0,False,Summer,False,Dry
2023-06-06,0.0,12.5,2442,10.185797160797161,50263,17.336718354,2023,June,6,Tuesday,1,False,Summer,False,Dry
2023-06-07,0.0,12.6,2352,10.517630385487529,52140,16.724380406,2023,June,6,Wednesday,2,False,Summer,False,Dry
2023-06-08,0.0,14.8,2356,11.075452744765139,51883,18.9808225378,2023,June,6,Thursday,3,False,Summer,False,Dry
2023-06-09,0.0,16.3,2155,10.716357308584687,51205,20.9191338246,2023,June,6,Friday,4,False,Summer,False,Dry
2023-06-10,0.0,16.8,1518,12.5572573561704,34292,15.8327255023,2023,June,6,Saturday,5,True,Summer,False,Dry
2023-06-11,0.0,18.8,1459,14.45169065570025,34607,19.9182738778,2023,June,6,Sunday,6,True,Summer,False,Dry
2023-06-12,0.0,17.1,2132,10.302501563477174,49118,22.5640490804,2023,June,6,Monday,0,False,Summer,False,Dry
2023-06-13,0.0,18.5,2514,11.267647838769557,50738,36.4993396845,2023,June,6,Tuesday,1,False,Summer,False,Dry
2023-06-14,0.0,19.4,2657,10.720179400326183,51298,36.8333493013,2023,June,6,Wednesday,2,False,Summer,False,Dry
2023-06-15,0.0,20.2,2838,11.36352478271083,52919,36.6545881912,2023,June,6,Thursday,3,False,Summer,False,Dry
2023-06-16,0.0,18.5,2475,11.578316498316498,51110,40.3758940038,2023,June,6,Friday,4,False,Summer,False,Dry
2023-06-17,0.0,17.4,1643,13.619222966118889,32827,35.3940371602,2023,June,6,Saturday,5,True,Summer,False,Dry
2023-06-18,0.0,18.9,1118,14.543291592128801,33205,23.7132743481,2023,June,6,Sunday,6,True,Summer,False,Dry
2023-06-19,0.0,19.9,2243,10.464006538861643,50466,37.9308543144,2023,June,6,Monday,0,False,Summer,False,Dry
2023-06-20,0.3,20.1,2266,10.679582230067668,51156,26.9389917295,2023,June,6,Tuesday,1,False,Summer,True,Light
2023-06-21,0.2,17.9,1808,9.297013274336283,50677,27.2910016448,2023,June,6,Wednesday,2,False,Summer,True,Light
2023-06-22,7.0,14.7,1872,10.134873575498576,52395,14.4562412064,2023,June,6,Thursday,3,False,Summer,True,Moderate
2023-06-23,1.6,14.7,1743,11.52714668196596,48399,19.8519193832,2023,June,6,Friday,4,False,Summer,True,Light
2023-06-24,0.3,17.4,1168,13.882862442922374,29884,10.5235556925,2023,June,6,Saturday,5,True,Summer,True,Light
2023-06-25,0.0,,1194,14.794067560022333,28954,7.8399462,2023,June,6,Sunday,6,True,Summer,False,Dry
2023-06-26,0.0,18.1,1370,9.635705596107055,46597,23.1781719867,2023,June,6,Monday,0,False,Summer,False,Dry
2023-06-27,47.1,15.1,1858,10.21050412630068,48292,23.7455893264,2023,June,6,Tuesday,1,False,Summer,True,Heavy
2023-06-28,0.0,15.9,2032,10.344422572178477,48996,16.8712754622,2023,June,6,Wednesday,2,False,Summer,False,Dry
2023-06-29,10.5,15.1,2028,10.246572978303748,49303,20.0267885379,2023,June,6,Thursday,3,False,Summer,True,Moderate
2023-06-30,0.1,14.7,1724,11.022921500386698,47804,16.1156979559,2023,June,6,Friday,4,False,Summer,True,Light
2023-07-01,3.0,17.2,1147,12.188607962801512,31204,13.10942813,2023,July,7,Saturday,5,True,Summer,True,Light
2023-07-02,8.7,14.6,925,13.874432432432434,26581,12.4600147319,2023,July,7,Sunday,6,True,Summer,True,Moderate
2023-07-03,2.6,13.5,1122,9.817988710635769,43269,17.0229473657,2023,July,7,Monday,0,False,Summer,True,Light
2023-07-04,4.5,13.8,1732,10.776732101616627,43498,15.2249780085,2023,July,7,Tuesday,1,False,Summer,True,Light
2023-07-05,0.0,15.0,1810,11.368379373848986,42741,22.4481173676,2023,July,7,Wednesday,2,False,Summer,False,Dry
2023-07-06,2.3,14.7,1491,11.415034652358596,43108,20.913833412,2023,July,7,Thursday,3,False,Summer,True,Light
2023-07-07,3.1,15.6,1416,11.046739642184557,41050,17.4542447954,2023,July,7,Friday,4,False,Summer,True,Light
2023-07-08,0.0,19.2,1123,15.258222024339567,25178,18.5695694,2023,July,7,Saturday,5,True,Summer,False,Dry
2023-07-09,0.0,21.4,1061,15.44520892240025,24021,15.8099550005,2023,July,7,Sunday,6,True,Summer,False,Dry
2023-07-10,4.0,16.6,781,10.179342723004694,36358,19.9043840548,2023,July,7,Monday,0,False,Summer,True,Light
2023-07-11,10.9,16.0,1136,10.728213028169014,36585,18.9195995176,2023,July,7,Tuesday,1,False,Summer,True,Moderate
2023-07-12,21.0,16.1,1281,12.024342961228207,36567,9.2979446118,2023,July,7,Wednesday,2,False,Summer,True,Heavy
2023-07-13,4.6,13.7,791,9.384829329962074,36223,10.9601865159,2023,July,7,Thursday,3,False,Summer,True,Light
2023-07-14,11.8,14.9,1294,12.77636527563112,35083,13.6726046156,2023,July,7,Friday,4,False,Summer,True,Moderate
2023-07-15,0.0,16.2,792,12.382891414141413,25697,15.2917921203,2023,July,7,Saturday,5,True,Summer,False,Dry
2023-07-16,22.7,15.7,622,13.312191854233653,24104,4.746125303,2023,July,7,Sunday,6,True,Summer,True,Heavy
2023-07-17,22.2,13.9,821,10.76504263093788,34970,11.602149446,2023,July,7,Monday,0,False,Summer,True,Heavy
2023-07-18,21.6,12.2,956,10.85742677824268,33644,13.5804146785,2023,July,7,Tuesday,1,False,Summer,True,Heavy
2023-07-19,23.1,11.0,611,9.825477359519914,33706,14.4353531694,2023,July,7,Wednesday,2,False,Summer,True,Heavy
2023-07-20,27.3,12.9,1156,11.23527970011534,34343,15.0005079357,2023,July,7,Thursday,3,False,Summer,True,Heavy
2023-07-21,0.1,13.1,1066,11.476672920575359,33531,18.9540609191,2023,July,7,Friday,4,False,Summer,True,Light
2023-07-22,2.0,14.0,816,13.78171977124183,24482,13.445221973,2023,July,7,Saturday,5,True,Summer,True,Light
2023-07-23,1.0,16.2,913,16.68030303030303,23833,16.9150346568,2023,July,7,Sunday,6,True,Summer,True,Light
2023-07-24,0.3,15.8,1240,11.46162634408602,33952,18.7350969512,2023,July,7,Monday,0,False,Summer,True,Light
2023-07-25,0.7,14.3,828,10.048228663446054,35021,21.0181257638,2023,July,7,Tuesday,1,False,Summer,True,Light
2023-07-26,6.5,15.8,1362,11.71836759667156,34546,,2023,July,7,Wednesday,2,False,Summer,True,Moderate
2023-07-27,0.0,16.4,1408,13.137097537878788,34515,,2023,July,7,Thursday,3,False,Summer,False,Dry
2023-07-28,0.0,16.4,1372,12.703510689990281,34772,19.0342747155,2023,July,7,Friday,4,False,Summer,False,Dry
2023-07-29,0.3,17.0,1244,15.366907824222938,26663,16.0965216565,2023,July,7,Saturday,5,True,Summer,True,Light
2023-07-30,15.8,16.0,923,15.342036836403034,28068,10.4534297836,2023,July,7,Sunday,6,True,Summer,True,Moderate
2023-07-31,1.8,16.9,1779,12.404740490912497,40097,12.7793950528,2023,July,7,Monday,0,False,Summer,True,Light
2023-08-01,0.0,17.4,1880,11.614140070921986,40300,11.6269984661,2023,August,8,Tuesday,1,False,Summer,False,Dry
2023-08-02,0.0,17.6,1892,12.481941508104299,39648,13.277517796,2023,August,8,Wednesday,2,False,Summer,False,Dry
2023-08-03,0.0,17.2,1872,11.668180199430198,40035,14.4900588731,2023,August,8,Thursday,3,False,Summer,False,Dry
2023-08-04,0.0,15.2,1540,11.113755411255411,40642,12.7191657838,2023,August,8,Friday,4,False,Summer,False,Dry
2023-08-05,0.0,14.3,1250,13.839946666666668,30047,10.5665832781,2023,August,8,Saturday,5,True,Summer,False,Dry
2023-08-06,0.3,15.6,998,16.226670006680028,28772,10.4269493271,2023,August,8,Sunday,6,True,Summer,True,Light
2023-08-07,0.0,13.8,1392,9.865708812260538,44346,15.4706113228,2023,August,8,Monday,0,False,Summer,False,Dry
2023-08-08,24.1,11.0,728,8.609180402930404,43359,18.1438658118,2023,August,8,Tuesday,1,False,Summer,True,Heavy
2023-08-09,45.3,10.4,896,8.84624255952381,45647,18.7537337111,2023,August,8,Wednesday,2,False,Summer,True,Heavy
2023-08-10,23.2,11.1,1465,10.113094425483503,47480,16.8434053248,2023,August,8,Thursday,3,False,Summer,True,Heavy
2023-08-11,1.6,14.6,1725,10.68359420289855,47173,15.4716788943,2023,August,8,Friday,4,False,Summer,True,Light
2023-08-12,2.9,17.4,1219,13.146828001093793,34452,11.116542638,2023,August,8,Saturday,5,True,Summer,True,Light
2023-08-13,3.8,15.5,640,12.628828125,31697,13.6055794167,2023,August,8,Sunday,6,True,Summer,True,Light
2023-08-14,24.3,16.0,1942,10.087349811191213,47495,19.3665658003,2023,August,8,Monday,0,False,Summer,True,Heavy
2023-08-15,7.6,15.2,1378,9.87937832607644,48704,34.8109006852,2023,August,8,Tuesday,1,False,Summer,True,Moderate
2023-08-16,15.3,14.6,2111,10.22096162955945,49617,19.5725487681,2023,August,8,Wednesday,2,False,Summer,True,Moderate
2023-08-17,0.2,16.4,2564,11.287753510140405,50203,30.259686254,2023,August,8,Thursday,3,False,Summer,True,Light
2023-08-18,0.4,19.1,2567,12.212777561355669,48787,33.4302849446,2023,August,8,Friday,4,False,Summer,True,Light
2023-08-19,0.5,19.2,1067,12.655888784754765,32857,15.6085818391,2023,August,8,Saturday,5,True,Summer,True,Light
2023-08-20,3.1,18.1,1269,13.706895193065405,33324,8.99854518,2023,August,8,Sunday,6,True,Summer,True,Light
2023-08-21,2.8,17.1,2462,10.63744245870566,48122,13.7795491198,2023,August,8,Monday,0,False,Summer,True,Light
2023-08-22,0.0,16.8,2417,10.03054751068818,48853,13.3664393567,2023,August,8,Tuesday,1,False,Summer,False,Dry
2023-08-23,22.0,15.0,2103,10.21489935013473,48944,18.0756586778,2023,August,8,Wednesday,2,False,Summer,True,Heavy
2023-08-24,4.8,14.6,2340,9.982364672364673,49353,28.0455458803,2023,August,8,Thursday,3,False,Summer,True,Light
2023-08-25,1.9,15.7,2181,10.509384074583524,49474,23.0029643419,2023,August,8,Friday,4,False,Summer,True,Light
2023-08-26,3.3,15.4,1055,13.258151658767773,34471,21.5173282878,2023,August,8,Saturday,5,True,Summer,True,Light
2023-08-27,39.2,13.5,365,10.69716894977169,30730,20.6350647406,2023,August,8,Sunday,6,True,Summer,True,Heavy
2023-08-28,28.8,13.3,1884,9.803865888181175,47945,25.0213246123,2023,August,8,Monday,0,False,Summer,True,Heavy
2023-08-29,12.0,13.6,2225,9.769213483146068,49254,20.1238473264,2023,August,8,Tuesday,1,False,Summer,True,Moderate
2023-08-30,0.1,14.9,2526,10.232944048561626,49363,32.9511054494,2023,August,8,Wednesday,2,False,Summer,True,Light
2023-08-31,0.0,15.8,2545,10.463778650949575,51182,29.4205666138,2023,August,8,Thursday,3,False,Summer,False,Dry
2023-09-01,0.0,13.9,2308,10.350281629116118,48889,18.8714175006,2023,September,9,Friday,4,False,Autumn,False,Dry
2023-09-02,0.0,11.9,1281,12.259927140255009,32550,15.2106045372,2023,September,9,Saturday,5,True,Autumn,False,Dry
2023-09-03,4.2,13.5,423,9.91099290780142,29935,6.2092368669,2023,September,9,Sunday,6,True,Autumn,True,Light
2023-09-04,20.6,16.0,1957,9.686067109521376,46488,12.9400735923,2023,September,9,Monday,0,False,Autumn,True,Heavy
2023-09-05,12.4,14.5,2063,10.140911294231701,48188,30.0783651549,2023,September,9,Tuesday,1,False,Autumn,True,Moderate
2023-09-06,3.8,13.6,2638,10.47681324235532,48573,26.5026550347,2023,September,9,Wednesday,2,False,Autumn,True,Light
2023-09-07,0.0,16.3,2419,9.854078820449221,49553,27.3902282161,2023,September,9,Thursday,3,False,Autumn,False,Dry
2023-09-08,0.0,19.5,2441,11.042229960398743,48812,27.2790402669,2023,September,9,Friday,4,False,Autumn,False,Dry
2023-09-09,0.4,17.6,1497,13.25811623246493,33052,13.6923525488,2023,September,9,Saturday,5,True,Autumn,True,Light
2023-09-10,9.1,16.3,771,11.920492866407264,30610,27.3913724823,2023,September,9,Sunday,6,True,Autumn,True,Moderate
2023-09-11,21.3,15.9,1116,8.667995818399044,45064,18.4389119517,2023,September,9,Monday,0,False,Autumn,True,Heavy
2023-09-12,43.7,12.0,2027,9.41858246998849,48757,22.5184824229,2023,September,9,Tuesday,1,False,Autumn,True,Heavy
2023-09-13,3.0,10.5,2390,9.517601115760112,49225,22.8374022354,2023,September,9,Wednesday,2,False,Autumn,True,Light
2023-09-14,0.0,11.3,2016,8.674603174603174,49061,19.6373608114,2023,September,9,Thursday,3,False,Autumn,False,Dry
2023-09-15,5.0,13.1,1955,9.557348678601874,48167,18.116723855,2023,September,9,Friday,4,False,Autumn,True,Moderate
2023-09-16,2.5,11.6,1248,11.664449786324786,32808,22.9935006356,2023,September,9,Saturday,5,True,Autumn,True,Light
2023-09-17,0.2,11.5,1138,14.093014059753955,32610,21.8618461891,2023,September,9,Sunday,6,True,Autumn,True,Light
2023-09-18,2.1,15.9,1762,9.354956488838441,46100,23.8641848548,2023,September,9,Monday,0,False,Autumn,True,Light
2023-09-19,19.6,11.8,1814,9.253583241455347,48561,19.6305146666,2023,September,9,Tuesday,1,False,Autumn,True,Moderate
2023-09-20,8.7,13.2,1206,8.817343836373688,47593,18.1501335052,2023,September,9,Wednesday,2,False,Autumn,True,Moderate
2023-09-21,52.8,14.4,1869,9.248680221152132,49506,18.7988158397,2023,September,9,Thursday,3,False,Autumn,True,Heavy
2023-09-22,2.2,13.6,1897,9.195141451414514,48758,23.1736262949,2023,September,9,Friday,4,False,Autumn,True,Light
2023-09-23,13.6,11.0,702,10.736206077872744,34796,12.7267845117,2023,September,9,Saturday,5,True,Autumn,True,Moderate
2023-09-24,13.6,12.0,963,11.919522326064381,32972,8.8383272574,2023,September,9,Sunday,6,True,Autumn,True,Moderate
2023-09-25,17.1,15.5,1512,9.148335537918872,46565,10.0472362568,2023,September,9,Monday,0,False,Autumn,True,Moderate
2023-09-26,12.6,16.4,2346,9.33986928104575,48930,13.9209470692,2023,September,9,Tuesday,1,False,Autumn,True,Moderate
2023-09-27,8.4,14.6,2264,9.752363074204947,48429,18.8844865006,2023,September,9,Wednesday,2,False,Autumn,True,Moderate
2023-09-28,0.0,15.6,1322,8.685186585980837,48793,11.1415019732,2023,September,9,Thursday,3,False,Autumn,False,Dry
2023-09-29,24.7,13.6,1635,9.198837920489296,49262,17.4043253655,2023,September,9,Friday,4,False,Autumn,True,Heavy
2023-09-30,25.4,11.3,729,10.070233196159123,35519,11.9348669446,2023,September,9,Saturday,5,True,Autumn,True,Heavy
2023-10-01,11.2,11.0,934,12.593772305496074,32703,11.1347688554,2023,October,10,Sunday,6,True,Autumn,True,Moderate
2023-10-02,7.9,12.6,1984,9.67757056451613,46999,21.9027914695,2023,October,10,Monday,0,False,Autumn,True,Moderate
2023-10-03,2.6,11.9,1755,8.823827160493828,48601,18.447478776,2023,October,10,Tuesday,1,False,Autumn,True,Light
2023-10-04,20.5,10.7,2017,9.356817055032227,48426,27.5430583218,2023,October,10,Wednesday,2,False,Autumn,True,Heavy
2023-10-05,0.8,9.8,2144,9.43683146766169,50276,30.8329933971,2023,October,10,Thursday,3,False,Autumn,True,Light
2023-10-06,4.3,11.1,1019,8.676954530585542,47179,14.0287261274,2023,October,10,Friday,4,False,Autumn,True,Light
2023-10-07,27.5,7.4,1034,11.128481624758221,31666,15.5958655541,2023,October,10,Saturday,5,True,Autumn,True,Heavy
2023-10-08,0.0,5.1,833,12.448439375750299,28422,21.6033010207,2023,October,10,Sunday,6,True,Autumn,False,Dry
2023-10-09,0.0,6.5,1724,9.355520108275329,44093,26.4779379192,2023,October,10,Monday,0,False,Autumn,False,Dry
2023-10-10,1.2,11.1,1103,8.546388637050468,43491,10.9692592557,2023,October,10,Tuesday,1,False,Autumn,True,Light
2023-10-11,45.2,8.8,1088,8.475382965686276,44053,13.8368645165,2023,October,10,Wednesday,2,False,Autumn,True,Heavy
2023-10-12,15.6,8.6,1414,9.346958981612447,45130,22.6417512588,2023,October,10,Thursday,3,False,Autumn,True,Moderate
2023-10-13,4.5,9.1,966,8.393754313319532,44175,18.7847206352,2023,October,10,Friday,4,False,Autumn,True,Light
2023-10-14,16.2,7.6,507,10.01259040105194,30454,11.9861042347,2023,October,10,Saturday,5,True,Autumn,True,Moderate
2023-10-15,17.9,5.6,490,8.964897959183673,30474,12.2559730247,2023,October,10,Sunday,6,True,Autumn,True,Moderate
2023-10-16,8.3,6.3,1294,8.893070582174136,46462,21.8053755392,2023,October,10,Monday,0,False,Autumn,True,Moderate
2023-10-17,31.0,9.3,1611,9.671901510448995,46034,30.6144733763,2023,October,10,Tuesday,1,False,Autumn,True,Heavy
2023-10-18,2.5,6.2,2085,9.612430055955237,48843,40.4550260547,2023,October,10,Wednesday,2,False,Autumn,True,Light
2023-10-19,0.0,6.8,1916,8.740414057063328,49131,18.1861081126,2023,October,10,Thursday,3,False,Autumn,False,Dry
2023-10-20,0.0,5.5,1617,8.79244485673057,48289,7.1873131916,2023,October,10,Friday,4,False,Autumn,False,Dry
2023-10-21,0.0,7.1,915,10.637304189435337,35419,11.1816557459,2023,October,10,Saturday,5,True,Autumn,False,Dry
2023-10-22,0.0,10.2,709,11.113164080865069,31531,29.2874087884,2023,October,10,Sunday,6,True,Autumn,False,Dry
2023-10-23,0.2,8.5,1537,9.19167208848406,45950,30.2052234769,2023,October,10,Monday,0,False,Autumn,True,Light
2023-10-24,1.8,6.6,1837,9.064951914353111,47716,39.3176291933,2023,October,10,Tuesday,1,False,Autumn,True,Light
2023-10-25,0.0,8.0,1957,9.476366888094022,48466,42.2811665967,2023,October,10,Wednesday,2,False,Autumn,False,Dry
2023-10-26,0.0,3.5,1771,9.039393939393939,49233,53.1016507434,2023,October,10,Thursday,3,False,Autumn,False,Dry
2023-10-27,0.0,3.4,1607,9.036102468367558,47420,53.4495838389,2023,October,10,Friday,4,False,Autumn,False,Dry
2023-10-28,0.0,3.9,960,12.118368055555555,33850,39.2430567749,2023,October,10,Saturday,5,True,Autumn,False,Dry
2023-10-29,0.0,2.9,817,10.89028967768258,31056,43.298557107,2023,October,10,Sunday,6,True,Autumn,False,Dry
2023-10-30,0.0,3.3,1650,9.00090909090909,46860,37.5726524784,2023,October,10,Monday,0,False,Autumn,False,Dry
2023-10-31,0.0,1.4,1694,8.945464384100747,47145,53.6396361838,2023,October,10,Tuesday,1,False,Autumn,False,Dry
2023-11-01,0.0,4.3,1646,9.068003240178209,48442,28.7482568596,2023,November,11,Wednesday,2,False,Autumn,False,Dry
2023-11-02,4.1,9.4,1746,8.517010309278351,48746,13.7829437819,2023,November,11,Thursday,3,False,Autumn,True,Light
2023-11-03,0.2,10.8,1474,8.669436906377205,47534,8.7454696122,2023,November,11,Friday,4,False,Autumn,True,Light
2023-11-04,0.2,11.7,976,10.303176229508196,34312,11.8579568748,2023,November,11,Saturday,5,True,Autumn,True,Light
2023-11-05,0.6,7.4,873,10.49791905307369,31338,35.0495836742,2023,November,11,Sunday,6,True,Autumn,True,Light
2023-11-06,0.0,5.1,1824,8.793512426900584,45669,51.0023063577,2023,November,11,Monday,0,False,Autumn,False,Dry
2023-11-07,0.0,4.0,1852,8.917062634989202,46992,45.8236567475,2023,November,11,Tuesday,1,False,Autumn,False,Dry
2023-11-08,0.0,4.4,1692,9.166036249014972,47324,33.2260290868,2023,November,11,Wednesday,2,False,Autumn,False,Dry
2023-11-09,2.2,6.9,1718,9.030733410942956,47981,37.8117868128,2023,November,11,Thursday,3,False,Autumn,True,Light
2023-11-10,0.2,3.0,1504,8.510793439716313,48585,57.3616621252,2023,November,11,Friday,4,False,Autumn,True,Light
2023-11-11,0.2,2.7,877,10.822633979475485,33624,41.4884888296,2023,November,11,Saturday,5,True,Autumn,True,Light
2023-11-12,0.0,0.6,540,11.470154320987653,31013,40.554880013,2023,November,11,Sunday,6,True,Autumn,False,Dry
2023-11-13,0.0,3.9,1556,9.407594258783206,45829,51.9869553698,2023,November,11,Monday,0,False,Autumn,False,Dry
2023-11-14,0.0,2.2,1570,9.004458598726115,46768,55.273519436,2023,November,11,Tuesday,1,False,Autumn,False,Dry
2023-11-15,0.3,2.1,1394,8.861083213773314,47343,30.1023352048,2023,November,11,Wednesday,2,False,Autumn,True,Light
2023-11-16,1.8,2.7,1472,8.831657608695652,48446,31.806920817,2023,November,11,Thursday,3,False,Autumn,True,Light
2023-11-17,0.4,-0.6,1142,9.078356684179802,48070,56.9183536836,2023,November,11,Friday,4,False,Autumn,True,Light
2023-11-18,0.0,2.6,695,9.29947242206235,33502,45.1977088441,2023,November,11,Saturday,5,True,Autumn,False,Dry
2023-11-19,0.1,5.9,638,10.490882967607106,30384,27.4330480471,2023,November,11,Sunday,6,True,Autumn,True,Light
2023-11-20,0.0,3.6,1465,8.9492377701934,45844,54.635157792,2023,November,11,Monday,0,False,Autumn,False,Dry
2023-11-21,0.0,2.4,1385,8.722900120336943,47221,36.5804037884,2023,November,11,Tuesday,1,False,Autumn,False,Dry
2023-11-22,11.8,6.7,873,8.77315769377625,48070,14.1599908966,2023,November,11,Wednesday,2,False,Autumn,True,Moderate
2023-11-23,42.5,4.4,1036,8.400450450450451,49195,19.1569880962,2023,November,11,Thursday,3,False,Autumn,True,Heavy
2023-11-24,11.6,3.1,997,8.926462721497826,49862,30.5080748697,2023,November,11,Friday,4,False,Autumn,True,Moderate
2023-11-25,2.4,2.3,574,10.185481997677119,35089,43.076244321,2023,November,11,Saturday,5,True,Autumn,True,Light
2023-11-26,0.1,2.7,354,9.041949152542372,30645,21.5950511948,2023,November,11,Sunday,6,True,Autumn,True,Light
2023-11-27,2.8,1.0,1223,9.097737803216134,46389,43.6665515893,2023,November,11,Monday,0,False,Autumn,True,Light
2023-11-28,0.0,-3.3,1199,8.193119266055046,46414,23.830876813,2023,November,11,Tuesday,1,False,Autumn,False,Dry
2023-11-29,0.0,-0.7,1232,9.127421536796536,47230,31.5306730436,2023,November,11,Wednesday,2,False,Autumn,False,Dry
2023-11-30,0.0,-2.5,1217,8.706724185154753,48706,51.9611509848,2023,November,11,Thursday,3,False,Autumn,False,Dry
2023-12-01,0.0,-4.3,1042,8.81098848368522,48882,57.9629133915,2023,December,12,Friday,4,False,Winter,False,Dry
2023-12-02,2.9,-1.3,248,10.152889784946236,34068,41.4871022794,2023,December,12,Saturday,5,True,Winter,True,Light
2023-12-03,0.9,-1.1,212,8.790487421383647,30178,37.4519078722,2023,December,12,Sunday,6,True,Winter,True,Light
2023-12-04,1.2,-3.2,653,10.384073506891271,45520,63.0754757856,2023,December,12,Monday,0,False,Winter,True,Light
2023-12-05,0.0,-2.2,740,9.04033783783784,46472,44.5726882759,2023,December,12,Tuesday,1,False,Winter,False,Dry
2023-12-06,0.8,1.7,903,8.853340716131413,47424,20.493647169,2023,December,12,Wednesday,2,False,Winter,True,Light
2023-12-07,0.0,-1.1,863,9.036172267284666,48911,55.4891282726,2023,December,12,Thursday,3,False,Winter,False,Dry
2023-12-08,0.0,-1.9,790,9.111751054852322,48363,65.4472181122,2023,December,12,Friday,4,False,Winter,False,Dry
2023-12-09,0.0,3.6,523,9.975398342893563,34698,32.74533978,2023,December,12,Saturday,5,True,Winter,False,Dry
2023-12-10,0.2,3.2,433,9.814241724403388,32356,38.7636895389,2023,December,12,Sunday,6,True,Winter,True,Light
2023-12-11,0.0,-0.4,1035,9.009098228663445,46471,59.7793682341,2023,December,12,Monday,0,False,Winter,False,Dry
2023-12-12,0.0,0.8,1155,8.824733044733046,49010,54.7149114263,2023,December,12,Tuesday,1,False,Winter,False,Dry
2023-12-13,0.4,1.0,1039,9.034392043631698,49213,34.3337261548,2023,December,12,Wednesday,2,False,Winter,True,Light
2023-12-14,1.6,1.3,773,8.532643380767572,50081,12.7014770473,2023,December,12,Thursday,3,False,Winter,True,Light
2023-12-15,13.8,7.0,808,8.684921617161717,50317,30.6141857137,2023,December,12,Friday,4,False,Winter,True,Moderate
2023-12-16,36.4,8.0,331,9.61127895266868,36078,14.5216372363,2023,December,12,Saturday,5,True,Winter,True,Heavy
2023-12-17,32.9,8.2,229,8.042794759825327,32107,15.4630910554,2023,December,12,Sunday,6,True,Winter,True,Heavy
2023-12-18,45.0,7.1,833,8.756122448979593,48230,21.9002626467,2023,December,12,Monday,0,False,Winter,True,Heavy
2023-12-19,12.9,4.4,798,9.326378446115289,51979,30.0452069553,2023,December,12,Tuesday,1,False,Winter,True,Moderate
2023-12-20,19.4,2.0,656,8.717276422764229,52204,36.0842724501,2023,December,12,Wednesday,2,False,Winter,True,Moderate
2023-12-21,14.5,2.6,488,8.557377049180328,51427,26.062940097,2023,December,12,Thursday,3,False,Winter,True,Moderate
2023-12-22,11.8,-0.4,243,10.453840877914951,45938,30.3091608183,2023,December,12,Friday,4,False,Winter,True,Moderate
2023-12-23,7.8,-3.8,73,13.463698630136987,30471,54.0712318605,2023,December,12,Saturday,5,True,Winter,True,Moderate
2023-12-24,0.0,1.7,42,12.577777777777778,19765,19.0536445207,2023,December,12,Sunday,6,True,Winter,False,Dry
2023-12-25,29.5,2.8,75,10.18,18177,17.2797165433,2023,December,12,Monday,0,False,Winter,True,Heavy
2023-12-26,7.5,1.9,79,10.825316455696203,22806,23.0906298123,2023,December,12,Tuesday,1,False,Winter,True,Moderate
2023-12-27,0.9,-1.0,171,12.731773879142299,32776,45.2707965606,2023,December,12,Wednesday,2,False,Winter,True,Light
2023-12-28,3.2,4.1,171,9.396783625730993,30928,11.6366496036,2023,December,12,Thursday,3,False,Winter,True,Light
2023-12-29,9.6,4.0,283,8.542226148409894,33278,21.5697063586,2023,December,12,Friday,4,False,Winter,True,Moderate
2023-12-30,2.6,0.0,208,10.772916666666667,25668,45.8186281706,2023,December,12,Saturday,5,True,Winter,True,Light
2023-12-31,0.0,4.8,165,9.902323232323234,19929,10.6163301962,2023,December,12,Sunday,6,True,Winter,False,Dry
2024-01-01,0.0,4.1,183,10.986703096539161,22592,4.5308135131,2024,January,1,Monday,0,False,Winter,False,Dry
2024-01-02,0.0,2.0,677,9.10558838010832,40678,6.6962754545,2024,January,1,Tuesday,1,False,Winter,False,Dry
2024-01-03,0.0,-1.5,921,8.776040535649656,43196,26.9082047493,2024,January,1,Wednesday,2,False,Winter,False,Dry
2024-01-04,0.0,-4.6,978,8.18888888888889,44230,45.8069595341,2024,January,1,Thursday,3,False,Winter,False,Dry
2024-01-05,0.0,-6.9,828,8.83665458937198,43765,64.7696836423,2024,January,1,Friday,4,False,Winter,False,Dry
2024-01-06,0.0,-7.5,400,9.519,29339,56.8664313661,2024,January,1,Saturday,5,True,Winter,False,Dry
2024-01-07,0.0,-4.8,362,9.505755064456721,26181,56.2337764529,2024,January,1,Sunday,6,True,Winter,False,Dry
2024-01-08,0.0,-2.1,1046,9.372594008922881,44425,66.2233229375,2024,January,1,Monday,0,False,Winter,False,Dry
2024-01-09,0.0,0.2,1052,9.28368187579214,44560,35.9768755725,2024,January,1,Tuesday,1,False,Winter,False,Dry
2024-01-10,0.0,-1.6,1019,8.997906444226366,45032,45.7567272422,2024,January,1,Wednesday,2,False,Winter,False,Dry
2024-01-11,0.0,2.0,1034,8.880496453900708,46107,30.8718352734,2024,January,1,Thursday,3,False,Winter,False,Dry
2024-01-12,0.0,2.5,812,8.938813628899835,45257,32.89761841,2024,January,1,Friday,4,False,Winter,False,Dry
2024-01-13,20.9,3.4,355,9.41511737089202,31796,19.1990563163,2024,January,1,Saturday,5,True,Winter,True,Heavy
2024-01-14,5.3,1.0,202,10.365346534653467,28103,18.1169571404,2024,January,1,Sunday,6,True,Winter,True,Moderate
2024-01-15,5.6,-2.9,695,9.89242206235012,43938,47.4593315731,2024,January,1,Monday,0,False,Winter,True,Moderate
2024-01-16,2.3,-3.1,326,11.183640081799592,36231,27.213793301,2024,January,1,Tuesday,1,False,Winter,True,Light
2024-01-17,10.2,-5.1,316,12.15632911392405,42415,72.0918854011,2024,January,1,Wednesday,2,False,Winter,True,Moderate
2024-01-18,3.2,-3.2,126,11.300793650793652,34862,37.1454817782,2024,January,1,Thursday,3,False,Winter,True,Light
2024-01-19,18.0,-0.3,106,13.699528301886794,34452,34.0933449869,2024,January,1,Friday,4,False,Winter,True,Moderate
2024-01-20,7.8,-0.5,48,11.940972222222221,24226,25.970219543,2024,January,1,Saturday,5,True,Winter,True,Moderate
2024-01-21,6.9,4.3,134,11.157587064676616,24262,7.7070807527,2024,January,1,Sunday,6,True,Winter,True,Moderate
2024-01-22,36.7,6.9,670,10.053308457711443,41829,7.812816785,2024,January,1,Monday,0,False,Winter,True,Heavy
2024-01-23,19.2,4.8,1037,8.588203150112504,46232,25.6365089223,2024,January,1,Tuesday,1,False,Winter,True,Moderate
2024-01-24,14.0,6.9,897,8.896060943887031,46493,16.1741486489,2024,January,1,Wednesday,2,False,Winter,True,Moderate
2024-01-25,13.2,5.1,1254,8.84096225412015,49213,29.8550493967,2024,January,1,Thursday,3,False,Winter,True,Moderate
2024-01-26,4.2,5.3,741,9.115092217723797,45444,29.1914315263,2024,January,1,Friday,4,False,Winter,True,Light
2024-01-27,22.2,6.8,456,9.59108187134503,31414,9.3292254106,2024,January,1,Saturday,5,True,Winter,True,Heavy
2024-01-28,3.1,7.3,400,9.495333333333333,28469,5.1625334415,2024,January,1,Sunday,6,True,Winter,True,Light
2024-01-29,16.9,5.2,1254,8.704372674109516,44672,46.0618821211,2024,January,1,Monday,0,False,Winter,True,Moderate
2024-01-30,0.0,1.3,1294,9.01231324059763,45970,53.3515349223,2024,January,1,Tuesday,1,False,Winter,False,Dry
2024-01-31,0.0,4.8,785,8.580191082802548,44268,9.1017085558,2024,January,1,Wednesday,2,False,Winter,False,Dry
2024-02-01,36.5,3.3,957,8.813026819923373,46828,18.4342308852,2024,February,2,Thursday,3,False,Winter,True,Heavy
2024-02-02,26.5,7.0,669,8.316741405082212,46075,14.337516438,2024,February,2,Friday,4,False,Winter,True,Heavy
2024-02-03,34.5,4.7,445,10.41310861423221,32605,11.3673642512,2024,February,2,Saturday,5,True,Winter,True,Heavy
2024-02-04,15.6,2.9,330,11.545505050505051,28147,14.6522424293,2024,February,2,Sunday,6,True,Winter,True,Moderate
2024-02-05,12.7,-0.4,812,9.59098932676519,45062,46.1293762428,2024,February,2,Monday,0,False,Winter,True,Moderate
2024-02-06,0.0,-2.1,535,9.502242990654205,42429,38.6806933014,2024,February,2,Tuesday,1,False,Winter,False,Dry
2024-02-07,6.5,-2.0,307,11.135179153094462,41182,22.3436152457,2024,February,2,Wednesday,2,False,Winter,True,Moderate
2024-02-08,9.3,-3.3,345,11.387971014492754,44781,64.9901666657,2024,February,2,Thursday,3,False,Winter,True,Moderate
2024-02-09,0.0,-5.2,352,12.237878787878788,44748,76.7514073335,2024,February,2,Friday,4,False,Winter,False,Dry
2024-02-10,0.1,-1.5,203,11.239080459770115,30186,28.6994523103,2024,February,2,Saturday,5,True,Winter,True,Light
2024-02-11,0.0,1.2,206,13.561165048543689,28200,50.5082636343,2024,February,2,Sunday,6,True,Winter,False,Dry
2024-02-12,4.5,2.7,598,10.27433110367893,44436,32.6674874513,2024,February,2,Monday,0,False,Winter,True,Light
2024-02-13,3.1,3.2,791,8.996523388116309,45919,15.4147173149,2024,February,2,Tuesday,1,False,Winter,True,Light
2024-02-14,16.4,4.6,909,8.77090209020902,46631,21.354348747,2024,February,2,Wednesday,2,False,Winter,True,Moderate
2024-02-15,5.4,3.8,892,8.385781016442452,47981,59.6625449543,2024,February,2,Thursday,3,False,Winter,True,Moderate
2024-02-16,18.3,5.4,745,8.746778523489933,46806,23.9653411751,2024,February,2,Friday,4,False,Winter,True,Moderate
2024-02-17,8.6,1.4,586,10.348521046643913,33827,42.2237400832,2024,February,2,Saturday,5,True,Winter,True,Moderate
2024-02-18,0.0,4.0,323,10.20546955624355,29235,22.5428420852,2024,February,2,Sunday,6,True,Winter,False,Dry
2024-02-19,7.8,5.8,951,8.720995443392919,45071,19.1073385187,2024,February,2,Monday,0,False,Winter,True,Moderate
2024-02-20,8.5,6.4,789,8.488931136459653,46497,19.0896485911,2024,February,2,Tuesday,1,False,Winter,True,Moderate
2024-02-21,19.1,6.3,1222,8.323336061102019,47697,15.8536520567,2024,February,2,Wednesday,2,False,Winter,True,Moderate
2024-02-22,9.4,5.9,1005,8.251625207296849,48632,17.1748206467,2024,February,2,Thursday,3,False,Winter,True,Moderate
2024-02-23,27.7,3.0,724,8.689249539594844,46453,27.2483674059,2024,February,2,Friday,4,False,Winter,True,Heavy
2024-02-24,28.0,5.3,557,9.903111909036506,30794,9.6623996042,2024,February,2,Saturday,5,True,Winter,True,Heavy
2024-02-25,1.0,3.6,330,11.748585858585859,25818,15.4665130927,2024,February,2,Sunday,6,True,Winter,True,Light
2024-02-26,15.2,3.1,1188,9.271801346801347,43591,42.6070808878,2024,February,2,Monday,0,False,Winter,True,Moderate
2024-02-27,0.7,3.5,876,7.944349315068493,42894,12.1682070266,2024,February,2,Tuesday,1,False,Winter,True,Light
2024-02-28,13.1,6.2,1127,8.631573498964803,43287,10.5899644683,2024,February,2,Wednesday,2,False,Winter,True,Moderate
2024-02-29,6.6,6.9,931,8.995972073039741,43669,10.9741618291,2024,February,2,Thursday,3,False,Winter,True,Moderate
2024-03-01,6.2,5.6,685,8.245961070559611,41449,36.4152588865,2024,March,3,Friday,4,False,Spring,True,Moderate
2024-03-02,9.3,7.5,719,10.937644877144182,28291,25.6001250228,2024,March,3,Saturday,5,True,Spring,True,Moderate
2024-03-03,0.0,8.1,715,13.513682983682983,28185,35.21906725,2024,March,3,Sunday,6,True,Spring,False,Dry
2024-03-04,0.0,9.2,1321,9.135869290941207,45846,36.865921412,2024,March,3,Monday,0,False,Spring,False,Dry
2024-03-05,1.4,5.9,1664,9.640164262820512,47421,47.2235330048,2024,March,3,Tuesday,1,False,Spring,True,Light
2024-03-06,0.0,2.9,1367,8.548024871982443,47815,33.5817459833,2024,March,3,Wednesday,2,False,Spring,False,Dry
2024-03-07,0.1,3.8,1532,8.728426892950392,48501,47.2762110567,2024,March,3,Thursday,3,False,Spring,True,Light
2024-03-08,0.0,2.5,1376,8.954517926356589,47154,51.4971002709,2024,March,3,Friday,4,False,Spring,False,Dry
2024-03-09,0.0,2.9,807,11.583312680710451,33187,43.8069432016,2024,March,3,Saturday,5,True,Spring,False,Dry
2024-03-10,0.0,2.6,714,11.76591970121382,31545,28.9393466761,2024,March,3,Sunday,6,True,Spring,False,Dry
2024-03-11,0.0,3.3,1566,8.73617496807152,47254,59.6798940972,2024,March,3,Monday,0,False,Spring,False,Dry
2024-03-12,0.0,4.4,1600,8.850520833333334,47619,50.5945202941,2024,March,3,Tuesday,1,False,Spring,False,Dry
2024-03-13,0.0,7.3,894,8.655387770320656,47878,12.1523590871,2024,March,3,Wednesday,2,False,Spring,False,Dry
2024-03-14,30.4,6.9,1525,8.627322404371585,49370,10.3605925818,2024,March,3,Thursday,3,False,Spring,True,Heavy
2024-03-15,0.2,5.7,1002,8.635146373918829,47618,30.0711072895,2024,March,3,Friday,4,False,Spring,True,Light
2024-03-16,8.1,5.0,844,11.835308056872037,35145,13.380370493,2024,March,3,Saturday,5,True,Spring,True,Moderate
2024-03-17,0.0,3.8,666,10.962062062062062,31121,13.2282424277,2024,March,3,Sunday,6,True,Spring,False,Dry
2024-03-18,3.1,5.8,1304,8.31114519427403,47525,10.2556396034,2024,March,3,Monday,0,False,Spring,True,Light
2024-03-19,1.9,7.3,1112,8.53833932853717,48521,12.8174061268,2024,March,3,Tuesday,1,False,Spring,True,Light
2024-03-20,14.8,5.5,1512,8.848809523809523,50716,35.5073055726,2024,March,3,Wednesday,2,False,Spring,True,Moderate
2024-03-21,0.0,4.3,1042,8.394209852847089,50186,17.2405213711,2024,March,3,Thursday,3,False,Spring,False,Dry
2024-03-22,12.1,6.0,1046,8.34753027405991,49039,12.2206301567,2024,March,3,Friday,4,False,Spring,True,Moderate
2024-03-23,29.4,5.3,396,8.800925925925926,30495,10.8587876835,2024,March,3,Saturday,5,True,Spring,True,Heavy
2024-03-24,10.3,6.1,603,14.520702045328912,26856,17.7187810412,2024,March,3,Sunday,6,True,Spring,True,Moderate
2024-03-25,0.0,3.6,963,12.600259605399792,38081,24.6861930532,2024,March,3,Monday,0,False,Spring,False,Dry
2024-03-26,0.0,2.3,708,9.5140065913371,36773,26.929924,2024,March,3,Tuesday,1,False,Spring,False,Dry
2024-03-27,2.9,7.6,591,9.97662154540327,32991,22.8910331105,2024,March,3,Wednesday,2,False,Spring,True,Light
2024-03-28,7.5,7.2,308,12.111904761904762,19295,21.8052955575,2024,March,3,Thursday,3,False,Spring,True,Moderate
2024-03-29,10.2,7.9,396,15.901978114478114,19074,5.2865561268,2024,March,3,Friday,4,False,Spring,True,Moderate
2024-03-30,4.9,9.3,435,13.206015325670498,21411,9.135585117,2024,March,3,Saturday,5,True,Spring,True,Light
2024-03-31,10.2,6.5,392,15.79107142857143,22168,15.6641992519,2024,March,3,Sunday,6,True,Spring,True,Moderate
2024-04-01,1.8,7.5,845,14.121676528599606,28094,21.980402339,2024,April,4,Monday,0,False,Spring,True,Light
2024-04-02,0.0,8.0,1919,10.516545075560188,47377,34.1444797574,2024,April,4,Tuesday,1,False,Spring,False,Dry
2024-04-03,0.0,4.2,1322,8.575504286434695,47458,21.6315644142,2024,April,4,Wednesday,2,False,Spring,False,Dry
2024-04-04,2.5,1.5,1180,8.192005649717515,47850,25.7847671781,2024,April,4,Thursday,3,False,Spring,True,Light
2024-04-05,4.6,3.1,1501,8.86883188985121,47979,31.3735436656,2024,April,4,Friday,4,False,Spring,True,Light
2024-04-06,0.0,8.5,650,11.109743589743589,35245,14.6905612103,2024,April,4,Saturday,5,True,Spring,False,Dry
2024-04-07,8.9,9.6,586,11.094965870307167,31236,6.4804530922,2024,April,4,Sunday,6,True,Spring,True,Moderate
2024-04-08,7.1,9.4,1797,9.38494713411241,47196,10.5355873504,2024,April,4,Monday,0,False,Spring,True,Moderate
2024-04-09,0.0,10.3,1586,8.693421605716688,48151,25.0121395742,2024,April,4,Tuesday,1,False,Spring,False,Dry
2024-04-10,16.1,7.0,1461,9.124697695642254,49483,11.571033643,2024,April,4,Wednesday,2,False,Spring,True,Moderate
2024-04-11,15.1,8.4,1027,8.699139889646219,49193,14.5380479574,2024,April,4,Thursday,3,False,Spring,True,Moderate
2024-04-12,11.6,9.5,1479,9.615911652017129,48946,16.2840938948,2024,April,4,Friday,4,False,Spring,True,Moderate
2024-04-13,12.5,8.7,705,11.862269503546099,34995,7.2836859031,2024,April,4,Saturday,5,True,Spring,True,Moderate
2024-04-14,16.3,6.3,835,13.714471057884232,32333,11.6562147106,2024,April,4,Sunday,6,True,Spring,True,Moderate
2024-04-15,0.2,7.8,1906,9.456846799580273,47314,12.7305419811,2024,April,4,Monday,0,False,Spring,True,Light
2024-04-16,0.0,5.3,1590,8.790104821802935,48868,28.4838042622,2024,April,4,Tuesday,1,False,Spring,False,Dry
2024-04-17,1.9,6.2,2112,9.934303977272727,50488,22.624664504,2024,April,4,Wednesday,2,False,Spring,True,Light
2024-04-18,0.0,5.1,1835,9.021980018165303,49696,18.7698046595,2024,April,4,Thursday,3,False,Spring,False,Dry
2024-04-19,0.3,5.2,1226,8.453126699293094,48239,19.2412471183,2024,April,4,Friday,4,False,Spring,True,Light
2024-04-20,0.7,5.9,909,11.119306930693071,34216,9.5264594204,2024,April,4,Saturday,5,True,Spring,True,Light
2024-04-21,0.0,5.7,1085,14.535407066052226,33433,17.5375098851,2024,April,4,Sunday,6,True,Spring,False,Dry
2024-04-22,0.0,6.0,1996,10.945407481629926,48111,23.3893819189,2024,April,4,Monday,0,False,Spring,False,Dry
2024-04-23,0.0,6.6,1859,9.013322574861036,48963,17.1443166306,2024,April,4,Tuesday,1,False,Spring,False,Dry
2024-04-24,0.0,5.7,1941,9.180800274772455,50032,15.646822636,2024,April,4,Wednesday,2,False,Spring,False,Dry
2024-04-25,0.0,6.1,1981,9.186362106680129,50870,25.5440144205,2024,April,4,Thursday,3,False,Spring,False,Dry
2024-04-26,0.2,8.0,1903,9.639218777369067,50971,24.6690924466,2024,April,4,Friday,4,False,Spring,True,Light
2024-04-27,0.3,7.6,1281,13.792727036169659,34179,20.2325051249,2024,April,4,Saturday,5,True,Spring,True,Light
2024-04-28,0.0,9.8,789,13.559780312632023,32186,15.9562308053,2024,April,4,Sunday,6,True,Spring,False,Dry
2024-04-29,1.1,10.3,1536,9.032736545138889,47538,9.3429670466,2024,April,4,Monday,0,False,Spring,True,Light
2024-04-30,1.1,14.7,2261,10.031357806280408,51798,12.4634341347,2024,April,4,Tuesday,1,False,Spring,True,Light
2024-05-01,5.4,15.6,1360,14.265759803921569,29224,26.5876336909,2024,May,5,Wednesday,2,False,Spring,True,Moderate
2024-05-02,1.1,17.8,2549,10.878305217732445,50304,35.5178934101,2024,May,5,Thursday,3,False,Spring,True,Light
2024-05-03,0.0,17.7,2190,11.706879756468798,48432,42.4829336575,2024,May,5,Friday,4,False,Spring,False,Dry
2024-05-04,0.0,14.7,1423,13.827957367064887,32520,21.9306762751,2024,May,5,Saturday,5,True,Spring,False,Dry
2024-05-05,0.0,11.6,1004,14.244189907038512,32151,11.6964152051,2024,May,5,Sunday,6,True,Spring,False,Dry
2024-05-06,0.0,12.9,2115,9.932671394799053,49390,24.0062783975,2024,May,5,Monday,0,False,Spring,False,Dry
2024-05-07,0.0,11.6,2088,9.86066411238825,50281,16.1752486834,2024,May,5,Tuesday,1,False,Spring,False,Dry
2024-05-08,1.2,9.9,2112,9.518884154040405,52721,22.4447283448,2024,May,5,Wednesday,2,False,Spring,True,Light
2024-05-09,5.0,9.6,512,10.350846354166666,28304,10.745062417,2024,May,5,Thursday,3,False,Spring,True,Moderate
2024-05-10,18.0,9.8,1453,10.660346409727001,45069,16.2242475137,2024,May,5,Friday,4,False,Spring,True,Moderate
2024-05-11,0.1,14.5,1279,12.75113369820172,32612,9.7949303449,2024,May,5,Saturday,5,True,Spring,True,Light
2024-05-12,0.0,15.7,1178,15.100481041312959,32101,8.639401683,2024,May,5,Sunday,6,True,Spring,False,Dry
2024-05-13,0.0,17.4,2413,10.475293548832713,49561,19.1868028382,2024,May,5,Monday,0,False,Spring,False,Dry
2024-05-14,0.0,20.3,2632,10.346878166160081,51001,17.8811392295,2024,May,5,Tuesday,1,False,Spring,False,Dry
2024-05-15,0.0,18.9,2728,11.9151454056696,52867,30.9892825724,2024,May,5,Wednesday,2,False,Spring,False,Dry
2024-05-16,0.0,19.3,2536,11.242054416403786,54379,35.4834569458,2024,May,5,Thursday,3,False,Spring,False,Dry
2024-05-17,0.0,19.0,440,15.41625,29987,21.1469132275,2024,May,5,Friday,4,False,Spring,False,Dry
2024-05-18,0.0,18.2,1209,15.800220567962503,30365,12.38478996,2024,May,5,Saturday,5,True,Spring,False,Dry
2024-05-19,0.3,13.8,1018,13.695563195808775,26629,9.3160467398,2024,May,5,Sunday,6,True,Spring,True,Light
2024-05-20,0.0,16.8,1451,14.35341144038594,29983,12.6335681499,2024,May,5,Monday,0,False,Spring,False,Dry
2024-05-21,0.0,19.4,2506,10.573809523809524,50241,36.7535379897,2024,May,5,Tuesday,1,False,Spring,False,Dry
2024-05-22,0.0,20.9,2664,11.000594344344345,51046,20.2382900886,2024,May,5,Wednesday,2,False,Spring,False,Dry
2024-05-23,0.0,21.4,2670,10.811704119850187,51388,15.1015464952,2024,May,5,Thursday,3,False,Spring,False,Dry
2024-05-24,0.0,15.4,1961,10.528395376508584,51073,19.9063227866,2024,May,5,Friday,4,False,Spring,False,Dry
2024-05-25,1.7,18.2,1701,13.418508720360574,34073,16.2411343917,2024,May,5,Saturday,5,True,Spring,True,Light
2024-05-26,0.0,18.9,1245,14.044350736278448,35021,19.4459662845,2024,May,5,Sunday,6,True,Spring,False,Dry
2024-05-27,1.9,15.8,1597,9.377238572323106,49003,26.126312513,2024,May,5,Monday,0,False,Spring,True,Light
2024-05-28,16.1,14.4,2193,10.362760297917616,50236,16.1134700436,2024,May,5,Tuesday,1,False,Spring,True,Moderate
2024-05-29,8.4,14.6,2287,10.85366564640723,51387,23.514811042,2024,May,5,Wednesday,2,False,Spring,True,Moderate
2024-05-30,0.1,16.0,2056,10.435011348897536,51627,28.8969221893,2024,May,5,Thursday,3,False,Spring,True,Light
2024-05-31,2.2,14.9,2228,10.532921903052063,51289,17.7386055099,2024,May,5,Friday,4,False,Spring,True,Light
2024-06-01,0.0,14.9,1429,11.920970375553999,35062,11.4491814006,2024,June,6,Saturday,5,True,Summer,False,Dry
2024-06-02,0.0,14.0,1198,13.804312743461324,33317,6.8112505177,2024,June,6,Sunday,6,True,Summer,False,Dry
2024-06-03,7.1,12.0,1864,9.858878755364808,48150,11.4759692896,2024,June,6,Monday,0,False,Summer,True,Moderate
2024-06-04,2.6,10.8,1114,8.054533213644524,49180,14.7074592636,2024,June,6,Tuesday,1,False,Summer,True,Light
2024-06-05,32.6,9.8,1817,9.899688130618236,50437,14.9750786576,2024,June,6,Wednesday,2,False,Summer,True,Heavy
2024-06-06,7.9,8.8,1513,9.93195637805684,51379,14.1605476726,2024,June,6,Thursday,3,False,Summer,True,Moderate
2024-06-07,18.7,9.4,1389,9.528389728821693,51356,15.9542585162,2024,June,6,Friday,4,False,Summer,True,Moderate
2024-06-08,20.8,9.1,797,11.486093684650774,35631,7.9037245148,2024,June,6,Saturday,5,True,Summer,True,Heavy
2024-06-09,4.8,9.4,461,11.308279103398409,33120,12.0490645968,2024,June,6,Sunday,6,True,Summer,True,Light
2024-06-10,10.4,12.4,1917,9.27791688402017,48835,18.7358814269,2024,June,6,Monday,0,False,Summer,True,Moderate
2024-06-11,0.0,12.5,2023,10.249637502059647,50544,14.3181888323,2024,June,6,Tuesday,1,False,Summer,False,Dry
2024-06-12,0.0,11.2,2118,10.148717343405728,51038,13.2228937791,2024,June,6,Wednesday,2,False,Summer,False,Dry
2024-06-13,0.1,10.1,2059,10.365962441314554,52635,18.6794162317,2024,June,6,Thursday,3,False,Summer,True,Light
2024-06-14,0.1,13.8,1924,10.94961884961885,51342,24.6660412425,2024,June,6,Friday,4,False,Summer,True,Light
2024-06-15,1.1,17.2,1171,16.610503842869345,35157,7.6466762634,2024,June,6,Saturday,5,True,Summer,True,Light
2024-06-16,1.5,14.7,727,16.052865657955067,33027,14.3655331719,2024,June,6,Sunday,6,True,Summer,True,Light
2024-06-17,11.2,13.7,1293,10.137032740397009,48138,21.8071176446,2024,June,6,Monday,0,False,Summer,True,Moderate
2024-06-18,2.4,13.7,1796,10.623645137342242,49904,18.8014292852,2024,June,6,Tuesday,1,False,Summer,True,Light
2024-06-19,1.2,12.5,1789,10.235764859325508,50397,14.0848620382,2024,June,6,Wednesday,2,False,Summer,True,Light
2024-06-20,3.7,12.3,1737,10.601314526962195,50918,14.6922448479,2024,June,6,Thursday,3,False,Summer,True,Light
2024-06-21,0.1,14.5,1699,10.174671375318814,49976,14.3143517967,2024,June,6,Friday,4,False,Summer,True,Light
2024-06-22,0.1,14.7,732,12.689298724954464,32689,14.6603272262,2024,June,6,Saturday,5,True,Summer,True,Light
2024-06-23,3.4,13.3,611,14.567894162575014,30269,9.4149731678,2024,June,6,Sunday,6,True,Summer,True,Light
2024-06-24,3.2,15.2,1915,12.074421235857267,46166,14.2508014676,2024,June,6,Monday,0,False,Summer,True,Light
2024-06-25,0.0,17.2,1806,11.29641011443337,47440,16.109909834,2024,June,6,Tuesday,1,False,Summer,False,Dry
2024-06-26,0.1,19.3,1922,11.558706208810266,48294,,2024,June,6,Wednesday,2,False,Summer,True,Light
2024-06-27,0.0,22.8,1782,11.585222596333706,48111,,2024,June,6,Thursday,3,False,Summer,False,Dry
2024-06-28,6.4,15.1,1038,9.541136801541427,48013,,2024,June,6,Friday,4,False,Summer,True,Moderate
2024-06-29,22.8,12.4,680,11.852769607843138,31781,3.9305076773,2024,June,6,Saturday,5,True,Summer,True,Heavy
2024-06-30,9.8,12.9,559,13.504263565891472,28769,6.3831930059,2024,June,6,Sunday,6,True,Summer,True,Moderate
2024-07-01,8.0,12.0,1117,10.027170993733215,44458,,2024,July,7,Monday,0,False,Summer,True,Moderate
2024-07-02,6.1,11.7,982,9.81388323150034,43656,,2024,July,7,Tuesday,1,False,Summer,True,Moderate
2024-07-03,1.8,12.4,1459,11.176033813114005,44613,12.9464501654,2024,July,7,Wednesday,2,False,Summer,True,Light
2024-07-04,0.1,12.6,1088,10.939721200980392,44034,13.7321830669,2024,July,7,Thursday,3,False,Summer,True,Light
2024-07-05,4.2,13.1,1167,11.770722650671237,41490,10.4526753911,2024,July,7,Friday,4,False,Summer,True,Light
2024-07-06,0.1,13.9,815,13.150245398773007,28122,12.522808395,2024,July,7,Saturday,5,True,Summer,True,Light
2024-07-07,0.7,12.7,445,13.504269662921347,24635,6.2347146721,2024,July,7,Sunday,6,True,Summer,True,Light
2024-07-08,5.0,12.6,714,10.647222222222222,38236,11.1579389395,2024,July,7,Monday,0,False,Summer,True,Moderate
2024-07-09,8.4,15.4,1261,12.048176050753371,37343,11.1311420036,2024,July,7,Tuesday,1,False,Summer,True,Moderate
2024-07-10,0.0,14.8,761,10.72879982479194,37090,22.3338136525,2024,July,7,Wednesday,2,False,Summer,False,Dry
2024-07-11,21.8,17.1,1056,12.659627525252525,37209,17.6865101723,2024,July,7,Thursday,3,False,Summer,True,Heavy
2024-07-12,0.0,17.3,995,12.659865996649916,35686,15.7459718397,2024,July,7,Friday,4,False,Summer,False,Dry
2024-07-13,0.8,20.1,879,16.250094804702314,25374,13.8114446352,2024,July,7,Saturday,5,True,Summer,True,Light
2024-07-14,0.0,18.4,516,15.34670542635659,24175,13.3604775735,2024,July,7,Sunday,6,True,Summer,False,Dry
2024-07-15,22.1,16.6,780,12.142243589743591,35639,18.2181899703,2024,July,7,Monday,0,False,Summer,True,Heavy
2024-07-16,1.7,16.6,1051,12.605486837932128,35242,11.0985855805,2024,July,7,Tuesday,1,False,Summer,True,Light
2024-07-17,0.0,15.0,1044,13.807950191570882,34472,11.8303087429,2024,July,7,Wednesday,2,False,Summer,False,Dry
2024-07-18,0.4,16.2,1103,13.148655182834693,34420,9.414187277,2024,July,7,Thursday,3,False,Summer,True,Light
2024-07-19,0.1,19.0,1019,13.55377821393523,34253,7.0069152876,2024,July,7,Friday,4,False,Summer,True,Light
2024-07-20,0.0,22.3,946,17.591930937279773,25734,7.9396935411,2024,July,7,Saturday,5,True,Summer,False,Dry
2024-07-21,0.0,19.0,517,17.430689877498388,27708,8.8274686147,2024,July,7,Sunday,6,True,Summer,False,Dry
2024-07-22,31.7,15.9,1021,13.62203721841332,38121,10.695536542,2024,July,7,Monday,0,False,Summer,True,Heavy
2024-07-23,0.0,16.0,1110,13.043618618618618,34690,10.7768546433,2024,July,7,Tuesday,1,False,Summer,False,Dry
2024-07-24,0.0,16.1,1109,12.774541629095282,33228,11.043851913,2024,July,7,Wednesday,2,False,Summer,False,Dry
2024-07-25,0.0,15.4,778,13.231576692373606,34026,7.385205797,2024,July,7,Thursday,3,False,Summer,False,Dry
2024-07-26,19.7,16.2,725,12.976804597701149,35163,9.3030580813,2024,July,7,Friday,4,False,Summer,True,Moderate
2024-07-27,15.0,15.2,847,16.946477764659583,26501,8.5083089221,2024,July,7,Saturday,5,True,Summer,True,Moderate
2024-07-28,0.4,14.8,674,14.894683481701286,25238,7.3166637696,2024,July,7,Sunday,6,True,Summer,True,Light
2024-07-29,1.8,16.5,1327,13.421276061291133,38084,10.7476780026,2024,July,7,Monday,0,False,Summer,True,Light
2024-07-30,0.0,16.0,1058,11.684168241965974,38609,11.1187013855,2024,July,7,Tuesday,1,False,Summer,False,Dry
2024-07-31,1.9,15.0,1389,13.774082073434126,38892,11.1602056571,2024,July,7,Wednesday,2,False,Summer,True,Light
2024-08-01,0.8,15.7,1420,12.424518779342723,40637,13.1790173961,2024,August,8,Thursday,3,False,Summer,True,Light
2024-08-02,0.0,16.8,1342,14.014095876800797,39012,15.5120685087,2024,August,8,Friday,4,False,Summer,False,Dry
2024-08-03,0.0,16.6,666,14.60820820820821,29980,11.3864289319,2024,August,8,Saturday,5,True,Summer,False,Dry
2024-08-04,30.0,14.7,633,16.9281990521327,28541,6.7043790274,2024,August,8,Sunday,6,True,Summer,True,Heavy
2024-08-05,1.4,16.6,1484,11.098596136567833,43893,10.7873695863,2024,August,8,Monday,0,False,Summer,True,Light
2024-08-06,2.1,20.0,1698,12.822281115037299,44594,14.0791345161,2024,August,8,Tuesday,1,False,Summer,True,Light
2024-08-07,6.6,17.4,1249,11.775380304243395,45473,16.4592819664,2024,August,8,Wednesday,2,False,Summer,True,Moderate
2024-08-08,20.4,15.4,1370,11.835997566909976,46358,8.9144594964,2024,August,8,Thursday,3,False,Summer,True,Heavy
2024-08-09,7.2,14.4,832,10.827383814102564,46510,13.2015373999,2024,August,8,Friday,4,False,Summer,True,Moderate
2024-08-10,40.3,13.5,516,11.758527131782945,34527,4.7304747788,2024,August,8,Saturday,5,True,Summer,True,Heavy
2024-08-11,22.5,13.9,855,15.646159844054582,32753,6.7474494955,2024,August,8,Sunday,6,True,Summer,True,Heavy
2024-08-12,0.1,15.5,2090,12.031251993620414,48342,19.9172913122,2024,August,8,Monday,0,False,Summer,True,Light
2024-08-13,0.3,17.4,1856,11.185560344827588,48491,29.516445167,2024,August,8,Tuesday,1,False,Summer,True,Light
2024-08-14,2.3,15.6,1622,10.109155363748458,48768,22.0515380689,2024,August,8,Wednesday,2,False,Summer,True,Light
2024-08-15,4.6,13.8,1124,9.390465599051009,49799,11.3899207643,2024,August,8,Thursday,3,False,Summer,True,Light
2024-08-16,47.8,13.9,1699,11.114302530900531,48865,12.1955682093,2024,August,8,Friday,4,False,Summer,True,Heavy
2024-08-17,10.2,14.7,931,11.997565341926244,34948,5.0478607705,2024,August,8,Saturday,5,True,Summer,True,Moderate
2024-08-18,10.1,14.0,735,14.594693877551022,31934,5.4984054319,2024,August,8,Sunday,6,True,Summer,True,Moderate
2024-08-19,11.7,14.2,1937,10.09426948890036,48003,11.577772763,2024,August,8,Monday,0,False,Summer,True,Moderate
2024-08-20,1.9,16.0,1418,9.191043723554301,48641,10.3123970723,2024,August,8,Tuesday,1,False,Summer,True,Light
2024-08-21,13.3,14.6,2147,11.132176680639652,49593,13.4306487312,2024,August,8,Wednesday,2,False,Summer,True,Moderate
2024-08-22,11.4,13.7,994,9.4791918175721,50427,12.2456270031,2024,August,8,Thursday,3,False,Summer,True,Moderate
2024-08-23,33.9,13.0,1325,9.72366037735849,49611,17.4372584798,2024,August,8,Friday,4,False,Summer,True,Heavy
2024-08-24,9.5,12.8,466,11.391273247496423,34240,10.1493485225,2024,August,8,Saturday,5,True,Summer,True,Moderate
2024-08-25,45.9,12.5,451,12.56548410938655,31245,5.6289336346,2024,August,8,Sunday,6,True,Summer,True,Heavy
2024-08-26,46.4,12.8,1382,9.315713941148095,47851,11.7421251248,2024,August,8,Monday,0,False,Summer,True,Heavy
2024-08-27,12.4,13.9,1366,9.034785261102977,48554,12.7924476454,2024,August,8,Tuesday,1,False,Summer,True,Moderate
2024-08-28,41.5,17.5,1696,9.790851022012578,48922,17.0915936877,2024,August,8,Wednesday,2,False,Summer,True,Heavy
2024-08-29,2.6,16.8,1508,8.931498673740053,48708,13.9489733041,2024,August,8,Thursday,3,False,Summer,True,Light
2024-08-30,33.6,13.1,1485,9.61716049382716,48831,15.9843426489,2024,August,8,Friday,4,False,Summer,True,Heavy
2024-08-31,2.6,12.9,972,13.276937585733881,34634,13.0242164479,2024,August,8,Saturday,5,True,Summer,True,Light
2024-09-01,0.0,14.4,1021,14.857982370225269,33757,14.9260524271,2024,September,9,Sunday,6,True,Autumn,False,Dry
2024-09-02,0.0,15.5,2038,10.681975793261367,46101,24.8852620312,2024,September,9,Monday,0,False,Autumn,False,Dry
2024-09-03,1.4,15.8,1717,9.405096097845078,48021,17.1035455664,2024,September,9,Tuesday,1,False,Autumn,True,Light
2024-09-04,13.0,16.5,1931,10.40273606076299,48808,25.4837398255,2024,September,9,Wednesday,2,False,Autumn,True,Moderate
2024-09-05,3.2,20.1,2287,12.068976825535636,50183,36.6570053135,2024,September,9,Thursday,3,False,Autumn,True,Light
2024-09-06,0.0,20.1,2085,11.488776978417265,48681,39.9154537586,2024,September,9,Friday,4,False,Autumn,False,Dry
2024-09-07,0.0,19.4,1267,15.043567482241516,31737,24.4904042399,2024,September,9,Saturday,5,True,Autumn,False,Dry
2024-09-08,0.0,18.0,715,15.53965034965035,31626,26.2012506674,2024,September,9,Sunday,6,True,Autumn,False,Dry
2024-09-09,27.8,12.9,969,8.819969040247678,46410,17.994759363,2024,September,9,Monday,0,False,Autumn,True,Heavy
2024-09-10,17.9,11.0,1480,8.94224099099099,47345,12.5171799234,2024,September,9,Tuesday,1,False,Autumn,True,Moderate
2024-09-11,16.0,10.4,1055,8.879336492890996,48125,13.7167944332,2024,September,9,Wednesday,2,False,Autumn,True,Moderate
2024-09-12,36.2,9.7,1318,9.412101669195751,49825,14.6666091601,2024,September,9,Thursday,3,False,Autumn,True,Heavy
2024-09-13,14.3,8.9,1649,9.996583788154435,49489,18.7668118748,2024,September,9,Friday,4,False,Autumn,True,Moderate
2024-09-14,1.6,11.4,877,12.258019764348155,35180,3.2644181251,2024,September,9,Saturday,5,True,Autumn,True,Light
2024-09-15,3.4,13.6,447,11.591946308724832,31513,5.0168607635,2024,September,9,Sunday,6,True,Autumn,True,Light
2024-09-16,16.5,12.1,1645,9.258946301925025,47704,18.8340889058,2024,September,9,Monday,0,False,Autumn,True,Moderate
2024-09-17,0.2,12.8,2058,9.530037252996436,48359,17.6619332007,2024,September,9,Tuesday,1,False,Autumn,True,Light
2024-09-18,0.0,15.0,2185,10.266910755148741,49915,25.5841591424,2024,September,9,Wednesday,2,False,Autumn,False,Dry
2024-09-19,0.0,14.7,2130,10.003482003129891,50124,23.9018501383,2024,September,9,Thursday,3,False,Autumn,False,Dry
2024-09-20,0.0,14.1,1829,10.367167851284854,48343,30.588467677,2024,September,9,Friday,4,False,Autumn,False,Dry
2024-09-21,0.0,12.8,1033,14.207437883188124,34411,21.7293397753,2024,September,9,Saturday,5,True,Autumn,False,Dry
2024-09-22,0.0,13.1,786,13.213252756573368,33182,11.6743415021,2024,September,9,Sunday,6,True,Autumn,False,Dry
2024-09-23,0.0,12.2,1813,9.036845008273579,47383,23.2099366561,2024,September,9,Monday,0,False,Autumn,False,Dry
2024-09-24,0.0,10.6,2002,9.78188478188478,50043,24.0562064742,2024,September,9,Tuesday,1,False,Autumn,False,Dry
2024-09-25,0.0,10.0,1881,10.09884813042708,48697,20.1195211737,2024,September,9,Wednesday,2,False,Autumn,False,Dry
2024-09-26,0.0,9.1,1959,9.590956270205888,50522,18.0667070708,2024,September,9,Thursday,3,False,Autumn,False,Dry
2024-09-27,0.0,8.6,1634,9.076744186046511,49903,11.482901412,2024,September,9,Friday,4,False,Autumn,False,Dry
2024-09-28,4.2,5.4,500,9.7295,35086,11.9154665308,2024,September,9,Saturday,5,True,Autumn,True,Light
2024-09-29,8.0,7.7,702,12.741547958214626,32811,3.9735441083,2024,September,9,Sunday,6,True,Autumn,True,Moderate
2024-09-30,0.3,11.4,1728,8.712364969135804,47703,25.0771160457,2024,September,9,Monday,0,False,Autumn,True,Light
2024-10-01,0.0,10.4,1954,10.033213920163767,48995,37.4325103952,2024,October,10,Tuesday,1,False,Autumn,False,Dry
2024-10-02,0.0,9.0,1887,9.084004592828123,,25.0880965371,2024,October,10,Wednesday,2,False,Autumn,False,Dry
2024-10-03,0.0,9.0,1883,9.394237918215612,,33.8005320896,2024,October,10,Thursday,3,False,Autumn,False,Dry
2024-10-04,0.0,8.8,1590,9.283186582809224,,26.7231407789,2024,October,10,Friday,4,False,Autumn,False,Dry
2024-10-05,0.1,11.4,332,10.156877510040161,,8.2306658997,2024,October,10,Saturday,5,True,Autumn,True,Light
2024-10-06,15.6,12.0,574,11.545267131242742,,18.2238168468,2024,October,10,Sunday,6,True,Autumn,True,Moderate
2024-10-07,0.3,11.8,1665,10.13035035035035,,27.1246890185,2024,October,10,Monday,0,False,Autumn,True,Light
2024-10-08,3.5,11.8,1070,9.680389408099689,,28.1910459043,2024,October,10,Tuesday,1,False,Autumn,True,Light
2024-10-09,8.5,10.3,1038,9.367903018625562,,20.2886005834,2024,October,10,Wednesday,2,False,Autumn,True,Moderate
2024-10-10,13.2,6.9,1418,9.843970380818053,,14.6664106328,2024,October,10,Thursday,3,False,Autumn,True,Moderate
2024-10-11,4.1,4.2,797,9.472877457130908,,23.5006506818,2024,October,10,Friday,4,False,Autumn,True,Light
2024-10-12,7.9,6.8,349,11.306351480420249,,8.1670771508,2024,October,10,Saturday,5,True,Autumn,True,Moderate
2024-10-13,13.0,7.2,301,10.03344407530454,,17.3083281849,2024,October,10,Sunday,6,True,Autumn,True,Moderate
2024-10-14,8.3,5.5,1638,9.45534188034188,,30.6111359264,2024,October,10,Monday,0,False,Autumn,True,Moderate
2024-10-15,0.0,8.9,1697,9.141671577293263,,12.7424070308,2024,October,10,Tuesday,1,False,Autumn,False,Dry
2024-10-16,0.1,13.7,1801,9.146215065704238,,14.6281433803,2024,October,10,Wednesday,2,False,Autumn,True,Light
2024-10-17,0.1,15.8,1464,9.040607923497268,,16.4917809827,2024,October,10,Thursday,3,False,Autumn,True,Light
2024-10-18,11.0,13.6,1589,9.162135514998951,,13.8468984299,2024,October,10,Friday,4,False,Autumn,True,Moderate
2024-10-19,0.0,14.2,867,11.442637447135716,35221,9.6012912813,2024,October,10,Saturday,5,True,Autumn,False,Dry
2024-10-20,25.5,12.1,483,12.44175293305728,31761,7.3151649394,2024,October,10,Sunday,6,True,Autumn,True,Heavy
2024-10-21,23.5,11.8,1252,9.066919595314163,46841,7.8626780097,2024,October,10,Monday,0,False,Autumn,True,Heavy
2024-10-22,6.5,10.5,1380,8.489903381642513,48654,9.1595073492,2024,October,10,Tuesday,1,False,Autumn,True,Moderate
2024-10-23,14.3,10.4,1095,8.680669710806697,48378,13.511580355,2024,October,10,Wednesday,2,False,Autumn,True,Moderate
2024-10-24,13.5,12.4,1557,8.672757439520446,50797,10.9699216993,2024,October,10,Thursday,3,False,Autumn,True,Moderate
2024-10-25,0.0,11.5,1412,8.735033050047214,49286,22.2469870102,2024,October,10,Friday,4,False,Autumn,False,Dry
2024-10-26,0.4,11.8,576,10.748408564814815,34664,7.9166889837,2024,October,10,Saturday,5,True,Autumn,True,Light
2024-10-27,26.8,8.9,522,10.632535121328225,33223,11.532035738,2024,October,10,Sunday,6,True,Autumn,True,Heavy
2024-10-28,3.7,7.8,1481,8.397152824668016,47629,35.0903077148,2024,October,10,Monday,0,False,Autumn,True,Light
2024-10-29,0.9,7.3,1222,8.40761047463175,48380,21.0947165694,2024,October,10,Tuesday,1,False,Autumn,True,Light
2024-10-30,7.4,8.9,1301,8.630015372790162,49303,23.5986821254,2024,October,10,Wednesday,2,False,Autumn,True,Moderate
2024-10-31,49.7,11.3,634,8.863801261829652,44950,9.510807966,2024,October,10,Thursday,3,False,Autumn,True,Heavy
2024-11-01,65.7,6.0,1040,9.937724358974359,49251,16.3153395592,2024,November,11,Friday,4,False,Autumn,True,Heavy
2024-11-02,1.6,4.0,534,9.19878277153558,34708,9.8841121445,2024,November,11,Saturday,5,True,Autumn,True,Light
2024-11-03,26.1,10.3,377,9.671618037135278,30938,19.8322420738,2024,November,11,Sunday,6,True,Autumn,True,Heavy
2024-11-04,5.9,10.2,1116,8.632855436081242,47064,21.4181291576,2024,November,11,Monday,0,False,Autumn,True,Moderate
2024-11-05,3.8,8.8,1306,8.530423685553854,47582,24.9075236991,2024,November,11,Tuesday,1,False,Autumn,True,Light
2024-11-06,0.2,9.0,1331,8.52846230904082,48342,14.5789631,2024,November,11,Wednesday,2,False,Autumn,True,Light
2024-11-07,1.0,10.4,1497,9.178011578712981,49286,18.7627828419,2024,November,11,Thursday,3,False,Autumn,True,Light
2024-11-08,0.0,10.8,1349,8.802162095379293,48399,23.1108847931,2024,November,11,Friday,4,False,Autumn,False,Dry
2024-11-09,0.0,9.1,805,10.277101449275364,36173,24.32519399,2024,November,11,Saturday,5,True,Autumn,False,Dry
2024-11-10,0.2,7.8,495,10.384444444444444,31845,12.9258378284,2024,November,11,Sunday,6,True,Autumn,True,Light
2024-11-11,2.4,7.5,1218,8.38315544608648,46106,27.4475712529,2024,November,11,Monday,0,False,Autumn,True,Light
2024-11-12,1.2,7.4,1498,8.77627948375612,47660,29.3910294159,2024,November,11,Tuesday,1,False,Autumn,True,Light
2024-11-13,1.9,8.7,1194,9.17072864321608,48147,30.1122008504,2024,November,11,Wednesday,2,False,Autumn,True,Light
2024-11-14,2.5,7.0,1317,8.67717033662364,50004,29.6051790211,2024,November,11,Thursday,3,False,Autumn,True,Light
2024-11-15,2.3,9.4,784,9.183035714285714,49416,10.8882302415,2024,November,11,Friday,4,False,Autumn,True,Light
2024-11-16,27.9,5.3,379,10.51174142480211,34897,8.1216389472,2024,November,11,Saturday,5,True,Autumn,True,Heavy
2024-11-17,14.9,4.4,303,11.685148514851484,31141,24.4909237119,2024,November,11,Sunday,6,True,Autumn,True,Moderate
2024-11-18,5.5,1.4,1137,8.858399296394019,46079,41.3866952044,2024,November,11,Monday,0,False,Autumn,True,Moderate
2024-11-19,0.0,-1.1,1059,9.017359143846395,47604,49.5298228644,2024,November,11,Tuesday,1,False,Autumn,False,Dry
2024-11-20,0.0,-2.4,1003,8.637387836490527,48069,47.3472648313,2024,November,11,Wednesday,2,False,Autumn,False,Dry
2024-11-21,0.0,-3.5,933,8.90944980350125,49740,51.2886230505,2024,November,11,Thursday,3,False,Autumn,False,Dry
2024-11-22,0.0,-2.6,733,9.111300591177807,48045,46.5563182591,2024,November,11,Friday,4,False,Autumn,False,Dry
2024-11-23,6.3,-0.3,106,11.057389937106917,32207,42.0902646871,2024,November,11,Saturday,5,True,Autumn,True,Moderate
2024-11-24,1.4,8.3,191,8.988132635253054,29970,8.4694740512,2024,November,11,Sunday,6,True,Autumn,True,Light
2024-11-25,23.4,8.8,780,8.842799145299145,46618,11.230023969,2024,November,11,Monday,0,False,Autumn,True,Heavy
2024-11-26,19.4,7.0,891,8.63542835765058,48777,28.6572541404,2024,November,11,Tuesday,1,False,Autumn,True,Moderate
2024-11-27,0.7,4.8,875,9.128228571428572,49338,36.4372289038,2024,November,11,Wednesday,2,False,Autumn,True,Light
2024-11-28,0.1,1.7,810,9.784135802469136,50580,35.2870371794,2024,November,11,Thursday,3,False,Autumn,True,Light
2024-11-29,0.1,6.3,490,8.718503401360545,52021,14.6107880286,2024,November,11,Friday,4,False,Autumn,True,Light
2024-11-30,35.7,9.0,274,9.759306569343066,38022,10.7488182624,2024,November,11,Saturday,5,True,Autumn,True,Heavy
2024-12-01,19.2,10.4,190,9.281052631578948,33006,5.9257877257,2024,December,12,Sunday,6,True,Winter,True,Moderate
2024-12-02,55.8,5.6,868,8.88705837173579,47718,14.8380573753,2024,December,12,Monday,0,False,Winter,True,Heavy
2024-12-03,0.0,1.9,940,8.97668439716312,48792,25.7697324781,2024,December,12,Tuesday,1,False,Winter,False,Dry
2024-12-04,0.0,4.1,944,9.112146892655367,49892,12.528322346,2024,December,12,Wednesday,2,False,Winter,False,Dry
2024-12-05,1.6,7.1,559,7.854084675014907,50746,8.2412504708,2024,December,12,Thursday,3,False,Winter,True,Light
2024-12-06,9.4,5.8,539,7.98426097711812,50330,23.5053627704,2024,December,12,Friday,4,False,Winter,True,Moderate
2024-12-07,18.9,5.3,309,9.670604099244876,36567,24.5323937899,2024,December,12,Saturday,5,True,Winter,True,Moderate
2024-12-08,0.1,3.9,279,10.28004778972521,34938,18.7350247474,2024,December,12,Sunday,6,True,Winter,True,Light
2024-12-09,0.0,-0.9,733,9.545611641655299,48419,50.899016108,2024,December,12,Monday,0,False,Winter,False,Dry
2024-12-10,0.0,1.2,787,9.104404913172385,49451,53.737976246,2024,December,12,Tuesday,1,False,Winter,False,Dry
2024-12-11,1.1,3.0,848,8.568573113207547,50128,,2024,December,12,Wednesday,2,False,Winter,True,Light
2024-12-12,0.0,5.0,766,9.05526544821584,52151,,2024,December,12,Thursday,3,False,Winter,False,Dry
2024-12-13,14.0,6.1,449,7.582182628062361,51418,,2024,December,12,Friday,4,False,Winter,True,Moderate
2024-12-14,56.7,3.4,289,10.20888119953864,38508,,2024,December,12,Saturday,5,True,Winter,True,Heavy
2024-12-15,7.8,6.8,134,9.077114427860696,32864,,2024,December,12,Sunday,6,True,Winter,True,Moderate
2024-12-16,34.8,6.2,606,9.037156215621561,49147,,2024,December,12,Monday,0,False,Winter,True,Heavy
2024-12-17,4.3,5.2,768,8.743793402777778,51354,,2024,December,12,Tuesday,1,False,Winter,True,Light
2024-12-18,18.1,8.3,402,8.764220563847429,51730,,2024,December,12,Wednesday,2,False,Winter,True,Moderate
2024-12-19,37.8,5.3,491,8.575322471147318,53037,9.2767926354,2024,December,12,Thursday,3,False,Winter,True,Heavy
2024-12-20,7.7,3.1,458,8.419650655021833,52813,25.4197002622,2024,December,12,Friday,4,False,Winter,True,Moderate
2024-12-21,8.9,6.2,131,11.611959287531807,35346,13.2670567676,2024,December,12,Saturday,5,True,Winter,True,Moderate
2024-12-22,31.7,5.7,146,9.366438356164384,33211,13.5390498593,2024,December,12,Sunday,6,True,Winter,True,Heavy
2024-12-23,8.8,2.8,265,11.069182389937108,40552,32.911134096,2024,December,12,Monday,0,False,Winter,True,Moderate
2024-12-24,4.2,5.7,62,12.325268817204302,22555,3.8442164036,2024,December,12,Tuesday,1,False,Winter,True,Light
2024-12-25,26.6,10.3,64,16.81171875,18262,4.8966192356,2024,December,12,Wednesday,2,False,Winter,True,Heavy
2024-12-26,8.7,8.0,59,12.395762711864407,23456,14.1953770578,2024,December,12,Thursday,3,False,Winter,True,Moderate
2024-12-27,12.3,6.6,152,8.765789473684212,34351,12.665001218,2024,December,12,Friday,4,False,Winter,True,Moderate
2024-12-28,20.5,7.7,91,8.8989010989011,26340,5.8799364748,2024,December,12,Saturday,5,True,Winter,True,Heavy
2024-12-29,43.9,5.6,132,11.240277777777777,22853,9.8502641234,2024,December,12,Sunday,6,True,Winter,True,Heavy
2024-12-30,9.6,0.8,206,11.261326860841425,34299,35.9034237064,2024,December,12,Monday,0,False,Winter,True,Moderate
2024-12-31,2.6,-0.3,64,12.4640625,22874,17.9673081713,2024,December,12,Tuesday,1,False,Winter,True,Light
2025-01-01,5.7,-1.9,15,22.073333333333334,21419,20.7447725007,2025,January,1,Wednesday,2,False,Winter,True,Moderate
2025-01-02,1.9,-3.1,68,11.784803921568628,35639,31.302158412,2025,January,1,Thursday,3,False,Winter,True,Light
2025-01-03,11.7,-4.1,37,10.967117117117116,33708,41.6668513838,2025,January,1,Friday,4,False,Winter,True,Moderate
2025-01-04,17.0,-3.3,11,13.507575757575758,23361,44.3086236549,2025,January,1,Saturday,5,True,Winter,True,Moderate
2025-01-05,2.7,-4.5,11,35.77424242424242,23531,47.9997618408,2025,January,1,Sunday,6,True,Winter,True,Light
2025-01-06,6.7,1.7,74,11.331531531531532,42310,12.3051256641,2025,January,1,Monday,0,False,Winter,True,Moderate
2025-01-07,1.6,1.7,122,10.728415300546446,42754,38.724384553,2025,January,1,Tuesday,1,False,Winter,True,Light
2025-01-08,0.0,-3.9,107,10.740809968847351,44341,64.3027911607,2025,January,1,Wednesday,2,False,Winter,False,Dry
2025-01-09,0.0,-2.7,117,10.317948717948719,45185,62.196822383,2025,January,1,Thursday,3,False,Winter,False,Dry
2025-01-10,0.0,-3.9,113,11.333628318584072,43130,63.3435168064,2025,January,1,Friday,4,False,Winter,False,Dry
2025-01-11,0.0,-4.8,42,9.41904761904762,31239,55.7509105557,2025,January,1,Saturday,5,True,Winter,False,Dry
2025-01-12,0.0,-1.1,54,9.819753086419754,27177,30.4737530574,2025,January,1,Sunday,6,True,Winter,False,Dry
2025-01-13,0.6,5.5,144,9.46712962962963,41660,10.2539319514,2025,January,1,Monday,0,False,Winter,True,Light
2025-01-14,63.5,7.8,490,8.328673469387756,45578,25.936159467,2025,January,1,Tuesday,1,False,Winter,True,Heavy
2025-01-15,12.9,8.0,526,8.831147021546261,46568,12.3906364645,2025,January,1,Wednesday,2,False,Winter,True,Moderate
2025-01-16,7.5,8.2,515,9.069514563106797,47897,11.8602696173,2025,January,1,Thursday,3,False,Winter,True,Moderate
2025-01-17,4.4,7.8,553,8.393881856540084,47080,19.6227928204,2025,January,1,Friday,4,False,Winter,True,Light
2025-01-18,6.8,6.9,301,10.180897009966777,33042,8.306098422,2025,January,1,Saturday,5,True,Winter,True,Moderate
2025-01-19,0.4,3.9,289,12.992041522491348,29690,19.0738339477,2025,January,1,Sunday,6,True,Winter,True,Light
2025-01-20,0.0,4.4,778,8.268380462724936,45414,21.3279260249,2025,January,1,Monday,0,False,Winter,False,Dry
2025-01-21,0.2,3.3,719,8.87385257301808,45615,28.7972754198,2025,January,1,Tuesday,1,False,Winter,True,Light
2025-01-22,2.7,1.5,749,9.012349799732977,47363,35.3821577152,2025,January,1,Wednesday,2,False,Winter,True,Light
2025-01-23,0.0,-0.6,547,9.014076782449726,47993,47.6152829904,2025,January,1,Thursday,3,False,Winter,False,Dry
2025-01-24,0.6,4.6,493,8.066903313049357,46229,9.365314363,2025,January,1,Friday,4,False,Winter,True,Light
2025-01-25,26.5,6.1,229,8.818049490538574,32477,2.8991108232,2025,January,1,Saturday,5,True,Winter,True,Heavy
2025-01-26,14.9,4.2,139,10.368345323741007,28942,7.9162082122,2025,January,1,Sunday,6,True,Winter,True,Moderate
2025-01-27,15.9,5.5,747,8.33020972780009,45704,14.9574496911,2025,January,1,Monday,0,False,Winter,True,Moderate
2025-01-28,0.5,6.3,834,8.763369304556354,46976,39.6223404499,2025,January,1,Tuesday,1,False,Winter,True,Light
2025-01-29,0.0,3.2,890,7.98874531835206,47764,53.9524379235,2025,January,1,Wednesday,2,False,Winter,False,Dry
2025-01-30,0.0,3.6,842,9.040459224069675,48841,42.7668142713,2025,January,1,Thursday,3,False,Winter,False,Dry
2025-01-31,0.2,1.9,637,8.870905285190998,46484,43.9207822851,2025,January,1,Friday,4,False,Winter,True,Light
2025-02-01,0.0,3.3,361,10.275992613111727,32913,20.6260263999,2025,February,2,Saturday,5,True,Winter,False,Dry
2025-02-02,0.0,5.2,299,10.77954292084727,28629,4.5193343337,2025,February,2,Sunday,6,True,Winter,False,Dry
2025-02-03,1.0,5.5,601,8.823460898502494,44661,8.6627662927,2025,February,2,Monday,0,False,Winter,True,Light
2025-02-04,8.0,7.1,574,8.144889663182347,46144,7.8307771676,2025,February,2,Tuesday,1,False,Winter,True,Moderate
2025-02-05,36.1,4.8,698,8.437106017191978,46362,31.1005042809,2025,February,2,Wednesday,2,False,Winter,True,Heavy
2025-02-06,5.6,5.1,847,8.300314836678472,48187,20.7138597403,2025,February,2,Thursday,3,False,Winter,True,Moderate
2025-02-07,0.0,1.4,682,9.814076246334311,47001,48.212256503,2025,February,2,Friday,4,False,Winter,False,Dry
2025-02-08,0.0,1.9,397,9.801637279596978,32407,27.5040761676,2025,February,2,Saturday,5,True,Winter,False,Dry
2025-02-09,0.0,0.0,295,13.946779661016949,31489,30.3133562063,2025,February,2,Sunday,6,True,Winter,False,Dry
2025-02-10,0.0,-0.7,798,8.761382623224728,45471,52.3212440044,2025,February,2,Monday,0,False,Winter,False,Dry
2025-02-11,0.0,0.3,817,9.185862913096695,46526,59.0777929971,2025,February,2,Tuesday,1,False,Winter,False,Dry
2025-02-12,0.0,-0.7,843,8.719375247133254,47975,59.8835620167,2025,February,2,Wednesday,2,False,Winter,False,Dry
2025-02-13,0.0,-0.8,780,9.204123931623931,49425,56.6154891681,2025,February,2,Thursday,3,False,Winter,False,Dry
2025-02-14,0.0,1.0,406,8.541543513957308,46824,,2025,February,2,Friday,4,False,Winter,False,Dry
2025-02-15,7.0,-0.8,113,11.523451327433628,32769,28.7700548548,2025,February,2,Saturday,5,True,Winter,True,Moderate
2025-02-16,0.0,-4.0,102,10.518954248366013,30011,43.8440898017,2025,February,2,Sunday,6,True,Winter,False,Dry
2025-02-17,0.0,-2.7,513,9.753606237816765,45508,55.961232795,2025,February,2,Monday,0,False,Winter,False,Dry
2025-02-18,0.0,-2.8,559,9.524448419797258,46413,60.6238587885,2025,February,2,Tuesday,1,False,Winter,False,Dry
2025-02-19,0.0,1.8,643,8.154510108864697,47493,19.8667219792,2025,February,2,Wednesday,2,False,Winter,False,Dry
2025-02-20,0.0,6.0,547,8.358226691042047,48907,12.1594784332,2025,February,2,Thursday,3,False,Winter,False,Dry
2025-02-21,13.1,9.7,597,8.205192629815745,47902,10.5222966706,2025,February,2,Friday,4,False,Winter,True,Moderate
2025-02-22,15.5,8.7,300,10.163,32196,8.9036562093,2025,February,2,Saturday,5,True,Winter,True,Moderate
2025-02-23,12.0,8.5,259,13.41924066924067,27702,3.7838153961,2025,February,2,Sunday,6,True,Winter,True,Moderate
2025-02-24,20.2,7.9,527,8.595983554712207,42510,11.0190908631,2025,February,2,Monday,0,False,Winter,True,Heavy
2025-02-25,3.9,6.7,673,8.62305596830114,44190,15.4396659995,2025,February,2,Tuesday,1,False,Winter,True,Light
2025-02-26,29.7,5.4,584,9.69666095890411,44398,22.1775169551,2025,February,2,Wednesday,2,False,Winter,True,Heavy
2025-02-27,19.6,4.3,593,8.876447442383363,44164,25.5987252777,2025,February,2,Thursday,3,False,Winter,True,Moderate
2025-02-28,8.4,4.9,482,8.86545643153527,42726,23.8915391948,2025,February,2,Friday,4,False,Winter,True,Moderate
2025-03-01,3.1,6.3,239,12.147001394700139,29570,12.9699545666,2025,March,3,Saturday,5,True,Spring,True,Light
2025-03-02,6.2,6.9,156,9.944444444444445,28621,5.3405175114,2025,March,3,Sunday,6,True,Spring,True,Moderate
2025-03-03,22.4,7.2,588,8.065929705215419,45876,11.8451337206,2025,March,3,Monday,0,False,Spring,True,Heavy
2025-03-04,13.9,7.4,570,8.329444444444444,47403,8.4715146457,2025,March,3,Tuesday,1,False,Spring,True,Moderate
2025-03-05,50.2,8.0,458,8.606477438136828,46749,12.861873192,2025,March,3,Wednesday,2,False,Spring,True,Heavy
2025-03-06,43.7,8.4,625,7.9688533333333345,49134,16.557810782,2025,March,3,Thursday,3,False,Spring,True,Heavy
2025-03-07,5.3,7.9,607,8.083690280065898,47704,24.1575286842,2025,March,3,Friday,4,False,Spring,True,Moderate
2025-03-08,3.9,5.4,309,10.329072276159655,33700,39.8653491456,2025,March,3,Saturday,5,True,Spring,True,Light
2025-03-09,11.4,8.3,419,13.331384248210025,31271,10.4127543903,2025,March,3,Sunday,6,True,Spring,True,Moderate
2025-03-10,1.7,4.9,774,8.887941429801895,46871,22.8352045934,2025,March,3,Monday,0,False,Spring,True,Light
2025-03-11,0.5,3.6,985,9.560846023688663,48867,30.1316036882,2025,March,3,Tuesday,1,False,Spring,True,Light
2025-03-12,0.0,3.4,1035,9.603800322061192,49542,26.6052019319,2025,March,3,Wednesday,2,False,Spring,False,Dry
2025-03-13,0.0,1.9,977,9.042323439099285,49667,35.2705239737,2025,March,3,Thursday,3,False,Spring,False,Dry
2025-03-14,0.0,2.3,980,9.116666666666667,48359,31.9348093031,2025,March,3,Friday,4,False,Spring,False,Dry
2025-03-15,0.0,3.5,261,8.455108556832695,33483,19.3586256004,2025,March,3,Saturday,5,True,Spring,False,Dry
2025-03-16,11.8,3.9,427,13.9711943793911,32003,13.6611848729,2025,March,3,Sunday,6,True,Spring,True,Moderate
2025-03-17,0.0,2.2,1015,8.799310344827585,46130,29.005330958,2025,March,3,Monday,0,False,Spring,False,Dry
2025-03-18,1.1,4.5,1004,8.940521248339973,48012,24.6894941805,2025,March,3,Tuesday,1,False,Spring,True,Light
2025-03-19,2.0,4.8,1168,8.832305936073059,49190,25.3401632697,2025,March,3,Wednesday,2,False,Spring,True,Light
2025-03-20,0.0,5.0,1163,9.308254514187446,50580,25.9119187218,2025,March,3,Thursday,3,False,Spring,False,Dry
2025-03-21,0.0,6.2,1091,9.304369080354416,49100,38.5362950189,2025,March,3,Friday,4,False,Spring,False,Dry
2025-03-22,0.0,9.7,695,12.939352517985611,33811,14.0945852253,2025,March,3,Saturday,5,True,Spring,False,Dry
2025-03-23,0.0,10.1,590,14.210593220338984,34103,15.2248380933,2025,March,3,Sunday,6,True,Spring,False,Dry
2025-03-24,0.0,6.9,716,8.167132216014897,47269,16.6877447728,2025,March,3,Monday,0,False,Spring,False,Dry
2025-03-25,42.9,6.5,951,8.8689449702068,47797,18.4236070413,2025,March,3,Tuesday,1,False,Spring,True,Heavy
2025-03-26,2.3,6.6,896,7.9771391369047615,48606,20.7315816746,2025,March,3,Wednesday,2,False,Spring,True,Light
2025-03-27,18.0,7.6,972,8.57093621399177,49723,15.4431243071,2025,March,3,Thursday,3,False,Spring,True,Moderate
2025-03-28,27.5,8.0,977,8.326066189013988,49188,10.1952089191,2025,March,3,Friday,4,False,Spring,True,Heavy
2025-03-29,6.9,5.8,484,10.124242424242423,35991,7.1759220021,2025,March,3,Saturday,5,True,Spring,True,Moderate
2025-03-30,15.2,7.3,700,12.790785714285713,32729,7.2087476226,2025,March,3,Sunday,6,True,Spring,True,Moderate
2025-03-31,0.0,5.4,1258,9.478471118177,48322,20.7738228277,2025,March,3,Monday,0,False,Spring,False,Dry
2025-04-01,0.6,10.5,1590,9.942389937106919,49224,21.8462902109,2025,April,4,Tuesday,1,False,Spring,True,Light
2025-04-02,0.0,10.3,1773,9.913818386914834,50008,26.9368724276,2025,April,4,Wednesday,2,False,Spring,False,Dry
2025-04-03,0.0,8.6,1673,9.884997011356843,50726,19.2394790088,2025,April,4,Thursday,3,False,Spring,False,Dry
2025-04-04,0.0,7.8,1447,10.165733701912002,49581,11.6568445021,2025,April,4,Friday,4,False,Spring,False,Dry
2025-04-05,0.0,7.0,825,13.10810101010101,34071,14.3366586897,2025,April,4,Saturday,5,True,Spring,False,Dry
2025-04-06,0.0,6.6,824,14.431917475728154,33778,17.2175531391,2025,April,4,Sunday,6,True,Spring,False,Dry
2025-04-07,0.0,7.0,1592,9.91143216080402,48781,22.2059392401,2025,April,4,Monday,0,False,Spring,False,Dry
2025-04-08,0.0,6.7,1522,8.948072711344722,49460,23.7968716686,2025,April,4,Tuesday,1,False,Spring,False,Dry
2025-04-09,0.1,8.4,1582,9.669721871049305,50338,10.3282851261,2025,April,4,Wednesday,2,False,Spring,True,Light
2025-04-10,0.0,5.5,1118,8.860017889087656,51994,23.8454370963,2025,April,4,Thursday,3,False,Spring,False,Dry
2025-04-11,19.8,8.7,583,9.094282447112635,50291,28.8433561257,2025,April,4,Friday,4,False,Spring,True,Moderate
2025-04-12,13.7,10.0,683,12.898999511957053,32760,10.7201806766,2025,April,4,Saturday,5,True,Spring,True,Moderate
2025-04-13,0.0,11.4,334,12.436826347305388,25754,7.3528370413,2025,April,4,Sunday,6,True,Spring,False,Dry
2025-04-14,17.4,8.7,825,10.433959595959596,41143,17.7149383698,2025,April,4,Monday,0,False,Spring,True,Moderate
2025-04-15,0.0,12.4,822,12.467234387672345,40123,11.7288861159,2025,April,4,Tuesday,1,False,Spring,False,Dry
2025-04-16,4.9,13.0,640,11.775208333333333,36467,16.5786045332,2025,April,4,Wednesday,2,False,Spring,True,Light
2025-04-17,5.8,10.1,425,14.021137254901962,20734,5.3759668461,2025,April,4,Thursday,3,False,Spring,True,Moderate
2025-04-18,2.5,8.3,338,20.249852071005918,20005,9.8931523037,2025,April,4,Friday,4,False,Spring,True,Light
2025-04-19,2.1,9.7,489,15.110020449897752,23165,12.4032906293,2025,April,4,Saturday,5,True,Spring,True,Light
2025-04-20,0.1,10.9,502,16.459926958831343,24547,19.5769260629,2025,April,4,Sunday,6,True,Spring,True,Light
2025-04-21,0.0,10.2,486,14.371159122085048,27099,21.3044954281,2025,April,4,Monday,0,False,Spring,False,Dry
2025-04-22,1.1,9.9,1545,9.853203883495146,49302,22.786527848,2025,April,4,Tuesday,1,False,Spring,True,Light
2025-04-23,0.3,10.8,1840,11.187527173913043,50320,17.8288472913,2025,April,4,Wednesday,2,False,Spring,True,Light
2025-04-24,0.3,8.5,1730,10.142591522157996,52013,16.6240656636,2025,April,4,Thursday,3,False,Spring,True,Light
2025-04-25,0.0,7.8,1589,10.653199076987624,51542,21.345566298,2025,April,4,Friday,4,False,Spring,False,Dry
2025-04-26,0.0,9.2,1086,13.618216697360344,34789,15.4866270719,2025,April,4,Saturday,5,True,Spring,False,Dry
2025-04-27,0.0,9.1,461,11.406001446131599,33834,9.2981332116,2025,April,4,Sunday,6,True,Spring,False,Dry
2025-04-28,41.1,10.3,1249,9.265545769949293,50092,17.536824993,2025,April,4,Monday,0,False,Spring,True,Heavy
2025-04-29,8.7,9.5,1178,8.587705149971704,51093,19.7355438303,2025,April,4,Tuesday,1,False,Spring,True,Moderate
2025-04-30,7.4,10.3,1714,10.085812913263322,54227,25.676398097,2025,April,4,Wednesday,2,False,Spring,True,Moderate
2025-05-01,0.0,10.8,527,10.900727387729285,28800,7.8282061593,2025,May,5,Thursday,3,False,Spring,False,Dry
2025-05-02,14.6,8.7,871,9.044393417527747,45871,8.1617360307,2025,May,5,Friday,4,False,Spring,True,Moderate
2025-05-03,14.8,8.4,777,12.08056628056628,34596,8.5115505865,2025,May,5,Saturday,5,True,Spring,True,Moderate
2025-05-04,1.4,8.6,747,14.466532797858099,34443,6.987972056,2025,May,5,Sunday,6,True,Spring,True,Light
2025-05-05,0.0,6.8,1206,9.01542288557214,48742,17.5993983295,2025,May,5,Monday,0,False,Spring,False,Dry
2025-05-06,3.0,8.0,1619,9.194204241301215,49889,16.0140837116,2025,May,5,Tuesday,1,False,Spring,True,Light
2025-05-07,0.0,10.0,1726,10.353205870992662,50320,10.8258151784,2025,May,5,Wednesday,2,False,Spring,False,Dry
2025-05-08,0.0,12.3,1695,9.768112094395281,51115,14.9768397167,2025,May,5,Thursday,3,False,Spring,False,Dry
2025-05-09,0.0,11.5,1634,10.891085271317829,50857,18.5872140155,2025,May,5,Friday,4,False,Spring,False,Dry
2025-05-10,0.0,13.3,1075,14.458341085271318,35270,11.8268947334,2025,May,5,Saturday,5,True,Spring,False,Dry
2025-05-11,0.0,13.0,943,14.354789678331567,33905,13.4984596794,2025,May,5,Sunday,6,True,Spring,False,Dry
2025-05-12,0.0,13.4,1788,10.39934750186428,49734,19.0269444607,2025,May,5,Monday,0,False,Spring,False,Dry
2025-05-13,0.0,12.3,1876,9.72546197583511,51420,18.4110272796,2025,May,5,Tuesday,1,False,Spring,False,Dry
2025-05-14,0.0,10.9,1748,9.77445652173913,51273,14.188499071,2025,May,5,Wednesday,2,False,Spring,False,Dry
2025-05-15,0.0,12.9,1755,11.01071225071225,53425,14.2876034182,2025,May,5,Thursday,3,False,Spring,False,Dry
2025-05-16,0.0,16.6,1808,11.325147492625367,52518,27.211016276,2025,May,5,Friday,4,False,Spring,False,Dry
2025-05-17,0.0,17.2,367,14.628247048138055,29773,6.7489186286,2025,May,5,Saturday,5,True,Spring,False,Dry
2025-05-18,0.0,16.3,919,19.12631483496554,31298,10.7663990595,2025,May,5,Sunday,6,True,Spring,False,Dry
2025-05-19,0.0,17.3,2021,11.925771070427182,49393,25.5197833137,2025,May,5,Monday,0,False,Spring,False,Dry
2025-05-20,0.0,15.3,1939,10.539530685920578,50644,16.6769365446,2025,May,5,Tuesday,1,False,Spring,False,Dry
2025-05-21,0.0,10.5,1535,9.222931596091206,51289,12.2174537882,2025,May,5,Wednesday,2,False,Spring,False,Dry
2025-05-22,0.0,10.6,1654,10.5914651350262,52075,11.4331603016,2025,May,5,Thursday,3,False,Spring,False,Dry
2025-05-23,0.0,12.2,1715,10.958483965014576,51470,10.4863473692,2025,May,5,Friday,4,False,Spring,False,Dry
2025-05-24,0.0,9.6,806,12.954549214226633,37241,8.2164083105,2025,May,5,Saturday,5,True,Spring,False,Dry
2025-05-25,0.2,12.5,355,11.614976525821596,33108,5.9654095882,2025,May,5,Sunday,6,True,Spring,True,Light
2025-05-26,21.4,9.6,970,10.30553264604811,49153,14.8572443964,2025,May,5,Monday,0,False,Spring,True,Heavy
2025-05-27,16.6,10.3,1006,9.312839628893308,51182,19.1135887604,2025,May,5,Tuesday,1,False,Spring,True,Moderate
2025-05-28,9.7,11.4,1486,10.305383580080754,53899,10.4970592102,2025,May,5,Wednesday,2,False,Spring,True,Moderate
2025-05-29,3.3,11.1,671,11.342175856929956,32742,8.6675494314,2025,May,5,Thursday,3,False,Spring,True,Light
2025-05-30,14.6,11.0,1106,12.439798071127184,46402,11.7356681428,2025,May,5,Friday,4,False,Spring,True,Moderate
2025-05-31,0.0,11.7,877,12.938141391106043,34369,12.4017796502,2025,May,5,Saturday,5,True,Spring,False,Dry
2025-06-01,15.8,12.3,590,13.582203389830509,34473,6.7314829054,2025,June,6,Sunday,6,True,Summer,True,Moderate
2025-06-02,11.6,10.3,1174,9.445315161839863,49794,13.746390985,2025,June,6,Monday,0,False,Summer,True,Moderate
2025-06-03,3.6,11.7,1207,8.967094725214029,51058,9.3629079296,2025,June,6,Tuesday,1,False,Summer,True,Light
2025-06-04,6.8,11.7,1475,9.349853107344632,51551,11.0485803887,2025,June,6,Wednesday,2,False,Summer,True,Moderate
2025-06-05,0.7,11.1,1292,9.184313725490195,52645,15.5500267937,2025,June,6,Thursday,3,False,Summer,True,Light
2025-06-06,0.4,11.9,1421,9.65287356321839,51495,16.5792632354,2025,June,6,Friday,4,False,Summer,True,Light
2025-06-07,0.0,11.7,844,14.164770932069512,34862,12.4951566803,2025,June,6,Saturday,5,True,Summer,False,Dry
2025-06-08,0.2,10.5,481,14.603291753291753,29272,7.8628354482,2025,June,6,Sunday,6,True,Summer,True,Light
2025-06-09,7.3,10.7,737,14.334712799638172,31468,9.1005835527,2025,June,6,Monday,0,False,Summer,True,Moderate
2025-06-10,1.0,11.6,1431,9.725914279058934,51674,18.7846776187,2025,June,6,Tuesday,1,False,Summer,True,Light
2025-06-11,4.4,12.1,1690,9.475236686390533,52603,12.8128720774,2025,June,6,Wednesday,2,False,Summer,True,Light
2025-06-12,0.1,15.2,1648,10.970631067961165,51893,25.8225670095,2025,June,6,Thursday,3,False,Summer,True,Light
2025-06-13,0.0,18.2,1570,12.659097664543523,51434,21.8941001902,2025,June,6,Friday,4,False,Summer,False,Dry
2025-06-14,0.0,19.8,1021,14.626950701926216,35705,44.94880777,2025,June,6,Saturday,5,True,Summer,False,Dry
2025-06-15,0.7,16.2,632,16.42637130801688,34508,21.5683274367,2025,June,6,Sunday,6,True,Summer,True,Light
2025-06-16,6.9,12.2,898,10.340553080920564,50222,17.667621743,2025,June,6,Monday,0,False,Summer,True,Moderate
2025-06-17,17.6,12.6,970,9.340635738831615,50540,14.6547851345,2025,June,6,Tuesday,1,False,Summer,True,Moderate
2025-06-18,22.9,11.1,941,9.369376549769749,51652,17.4826352486,2025,June,6,Wednesday,2,False,Summer,True,Heavy
2025-06-19,16.0,12.7,1333,9.470980245061266,53169,16.6074079495,2025,June,6,Thursday,3,False,Summer,True,Moderate
2025-06-20,1.8,13.2,1156,9.737254901960783,52528,15.9682590115,2025,June,6,Friday,4,False,Summer,True,Light
2025-06-21,2.6,14.8,907,14.298474825431827,34373,14.0397645556,2025,June,6,Saturday,5,True,Summer,True,Light
2025-06-22,0.3,17.0,406,13.71876026272578,31525,13.1041264412,2025,June,6,Sunday,6,True,Summer,True,Light
2025-06-23,4.3,13.0,998,10.917167668670675,47785,17.5237461431,2025,June,6,Monday,0,False,Summer,True,Light
2025-06-24,15.0,12.1,908,10.03434287812041,49055,21.2228202045,2025,June,6,Tuesday,1,False,Summer,True,Moderate
2025-06-25,5.6,13.6,1286,11.130313634007258,49194,21.011480149,2025,June,6,Wednesday,2,False,Summer,True,Moderate
2025-06-26,0.0,14.9,1137,10.552755790090883,48759,17.5914087969,2025,June,6,Thursday,3,False,Summer,False,Dry
2025-06-27,17.6,14.0,1042,11.935300703774793,47731,14.341284002,2025,June,6,Friday,4,False,Summer,True,Moderate
2025-06-28,13.3,15.0,611,13.781996726677576,33408,6.9006444521,2025,June,6,Saturday,5,True,Summer,True,Moderate
2025-06-29,4.5,13.2,384,14.082942708333334,29496,4.5225713892,2025,June,6,Sunday,6,True,Summer,True,Light
2025-06-30,5.1,14.9,1267,10.444567219152855,46900,14.4810425766,2025,June,6,Monday,0,False,Summer,True,Moderate
2025-07-01,8.3,13.5,988,10.662044534412956,46741,22.8132479146,2025,July,7,Tuesday,1,False,Summer,True,Moderate
2025-07-02,5.0,14.5,1335,11.288739076154807,45093,20.5187221433,2025,July,7,Wednesday,2,False,Summer,True,Moderate
2025-07-03,0.0,13.5,1156,11.337831603229526,45984,12.022203064,2025,July,7,Thursday,3,False,Summer,False,Dry
2025-07-04,0.3,13.2,725,10.98671264367816,44934,12.0999526032,2025,July,7,Friday,4,False,Summer,True,Light
2025-07-05,20.2,13.6,227,10.404845814977975,29261,5.4744450927,2025,July,7,Saturday,5,True,Summer,True,Heavy
2025-07-06,22.5,14.9,471,15.108563340410473,27033,10.128287482,2025,July,7,Sunday,6,True,Summer,True,Heavy
2025-07-07,0.2,15.3,818,11.932233088834558,40642,17.8539549227,2025,July,7,Monday,0,False,Summer,True,Light
2025-07-08,4.2,17.2,1080,13.263549382716048,39589,16.9028255956,2025,July,7,Tuesday,1,False,Summer,True,Light
2025-07-09,0.0,15.8,1017,13.462471320878402,39960,14.7306350989,2025,July,7,Wednesday,2,False,Summer,False,Dry
2025-07-10,0.0,16.3,920,13.665452898550726,40062,13.8325651238,2025,July,7,Thursday,3,False,Summer,False,Dry
2025-07-11,0.0,19.6,913,13.543300474625775,37571,15.7324689052,2025,July,7,Friday,4,False,Summer,False,Dry
2025-07-12,0.0,22.9,768,17.418836805555554,25894,19.8355579526,2025,July,7,Saturday,5,True,Summer,False,Dry
2025-07-13,0.0,23.4,733,17.367576170986812,26759,12.9858421822,2025,July,7,Sunday,6,True,Summer,False,Dry
2025-07-14,0.0,20.6,895,12.492364990689012,37289,20.2251271192,2025,July,7,Monday,0,False,Summer,False,Dry
2025-07-15,2.4,20.9,956,13.015725244072524,37327,19.2854640534,2025,July,7,Tuesday,1,False,Summer,True,Light
2025-07-16,4.2,21.8,1104,14.14963768115942,36380,19.9752312404,2025,July,7,Wednesday,2,False,Summer,True,Light
2025-07-17,15.7,22.5,1056,14.269349747474747,36472,23.9801796599,2025,July,7,Thursday,3,False,Summer,True,Moderate
2025-07-18,0.0,22.4,974,14.006964407939767,35899,23.6814322773,2025,July,7,Friday,4,False,Summer,False,Dry
2025-07-19,0.0,22.7,868,16.28707757296467,26516,21.1021087091,2025,July,7,Saturday,5,True,Summer,False,Dry
2025-07-20,0.0,24.3,739,19.735002255299953,25713,16.847455287,2025,July,7,Sunday,6,True,Summer,False,Dry
2025-07-21,0.0,23.9,1005,15.201243781094528,36400,18.4578478095,2025,July,7,Monday,0,False,Summer,False,Dry
2025-07-22,0.0,21.2,1086,14.60426642111725,36222,17.8853857782,2025,July,7,Tuesday,1,False,Summer,False,Dry
2025-07-23,0.4,22.6,1200,13.142875,36378,21.7805303045,2025,July,7,Wednesday,2,False,Summer,True,Light
2025-07-24,1.5,20.0,1027,13.086903602726387,35829,12.3111742325,2025,July,7,Thursday,3,False,Summer,True,Light
2025-07-25,0.0,17.9,937,13.416844539309855,36529,12.9691155551,2025,July,7,Friday,4,False,Summer,False,Dry
2025-07-26,4.2,16.8,786,15.807930449533503,28044,10.0613530674,2025,July,7,Saturday,5,True,Summer,True,Light
2025-07-27,0.0,17.6,691,18.27609744331886,27113,9.3773109815,2025,July,7,Sunday,6,True,Summer,False,Dry
2025-07-28,8.8,16.8,1029,16.051052802073208,39313,11.907873025,2025,July,7,Monday,0,False,Summer,True,Moderate
2025-07-29,0.1,18.8,1172,12.233930602957907,39223,15.064128153,2025,July,7,Tuesday,1,False,Summer,True,Light
2025-07-30,0.0,20.1,1091,13.480094714329361,40263,23.0404608068,2025,July,7,Wednesday,2,False,Summer,False,Dry
2025-07-31,1.1,20.0,1136,16.75180457746479,41611,15.8005055585,2025,July,7,Thursday,3,False,Summer,True,Light
2025-08-01,0.0,17.9,948,14.123013361462728,42465,19.495125264,2025,August,8,Friday,4,False,Summer,False,Dry
2025-08-02,0.0,18.8,884,17.28442684766214,31813,7.7364074309,2025,August,8,Saturday,5,True,Summer,False,Dry
2025-08-03,0.1,15.3,381,16.020516185476815,29582,11.1220314788,2025,August,8,Sunday,6,True,Summer,True,Light
2025-08-04,8.7,15.4,909,12.854455445544556,45553,12.9309528185,2025,August,8,Monday,0,False,Summer,True,Moderate
2025-08-05,31.8,13.3,488,9.92933743169399,44677,5.6918729046,2025,August,8,Tuesday,1,False,Summer,True,Heavy
2025-08-06,39.5,13.6,766,10.782093124456049,47744,9.0856845542,2025,August,8,Wednesday,2,False,Summer,True,Heavy
2025-08-07,17.3,14.4,882,11.209580498866213,47609,12.1674146643,2025,August,8,Thursday,3,False,Summer,True,Moderate
2025-08-08,7.5,14.8,869,11.30356731875719,48251,9.991709263,2025,August,8,Friday,4,False,Summer,True,Moderate
2025-08-09,9.4,14.7,519,13.28937058445729,35644,6.2256732648,2025,August,8,Saturday,5,True,Summer,True,Moderate
2025-08-10,5.9,14.0,632,16.53768459915612,33243,7.8859867535,2025,August,8,Sunday,6,True,Summer,True,Moderate
2025-08-11,5.6,13.1,861,9.776093689508324,49140,20.4623284238,2025,August,8,Monday,0,False,Summer,True,Moderate
2025-08-12,9.4,12.5,951,9.82534174553102,49734,15.8241491948,2025,August,8,Tuesday,1,False,Summer,True,Moderate
2025-08-13,8.7,18.7,1463,12.365652768284347,50716,14.4040287513,2025,August,8,Wednesday,2,False,Summer,True,Moderate
2025-08-14,0.0,20.3,1435,10.748304297328689,50241,25.0193799137,2025,August,8,Thursday,3,False,Summer,False,Dry
2025-08-15,7.2,15.3,1142,10.36433158201985,51929,17.2852994291,2025,August,8,Friday,4,False,Summer,True,Moderate
2025-08-16,0.9,13.9,906,15.333774834437087,39578,14.7965006635,2025,August,8,Saturday,5,True,Summer,True,Light
2025-08-17,0.0,16.7,833,17.78731492597039,35196,12.7145258342,2025,August,8,Sunday,6,True,Summer,False,Dry
2025-08-18,0.2,14.4,1573,11.576499258317439,50203,20.368793997,2025,August,8,Monday,0,False,Summer,True,Light
